// Generated by tools/fontgen/fontgen.py. Do not edit.
// Geist Mono, copyright 2023 Vercel, in collaboration with basement.studio,
// under the SIL Open Font License 1.1 (firmware/assets/OFL.txt).
// 4-bit coverage, two pixels per byte (high nibble first), row by row.
#pragma once
#include <cstdint>

#include "render/font.h"

namespace render {

// GeistMono-Medium.ttf at 13 px: 8x18 cells, baseline 14, 96 glyphs.
static const uint8_t kFontSmallData[6912] = {
  0x00, 0x00, 0x00, 0x00, 0x00, 0x00, 0x00, 0x00, 0x00, 0x00, 0x00, 0x00, 0x00, 0x00, 0x00, 0x00, 0x00, 0x00, 0x00, 0x00, 0x00, 0x00, 0x00, 0x00,
  0x00, 0x00, 0x00, 0x00, 0x00, 0x00, 0x00, 0x00, 0x00, 0x00, 0x00, 0x00, 0x00, 0x00, 0x00, 0x00, 0x00, 0x00, 0x00, 0x00, 0x00, 0x00, 0x00, 0x00,
  0x00, 0x00, 0x00, 0x00, 0x00, 0x00, 0x00, 0x00, 0x00, 0x00, 0x00, 0x00, 0x00, 0x00, 0x00, 0x00, 0x00, 0x00, 0x00, 0x00, 0x00, 0x00, 0x00, 0x00,
  0x00, 0x00, 0x00, 0x00, 0x00, 0x00, 0x00, 0x00, 0x00, 0x00, 0x00, 0x00, 0x00, 0x00, 0x00, 0x00, 0x00, 0x00, 0x00, 0x00, 0x00, 0x0b, 0x80, 0x00,
  0x00, 0x0b, 0x80, 0x00, 0x00, 0x0b, 0x80, 0x00, 0x00, 0x0b, 0x70, 0x00, 0x00, 0x0a, 0x70, 0x00, 0x00, 0x08, 0x50, 0x00, 0x00, 0x00, 0x00, 0x00,
  0x00, 0x03, 0x20, 0x00, 0x00, 0x0e, 0xb0, 0x00, 0x00, 0x00, 0x00, 0x00, 0x00, 0x00, 0x00, 0x00, 0x00, 0x00, 0x00, 0x00, 0x00, 0x00, 0x00, 0x00,
  0x00, 0x00, 0x00, 0x00, 0x00, 0x00, 0x00, 0x00, 0x00, 0x00, 0x00, 0x00, 0x00, 0x00, 0x00, 0x00, 0x00, 0x00, 0x00, 0x00, 0x00, 0xf5, 0x8c, 0x00,
  0x00, 0xe5, 0x8b, 0x00, 0x00, 0xd5, 0x8a, 0x00, 0x00, 0xc5, 0x89, 0x00, 0x00, 0xb5, 0x87, 0x00, 0x00, 0x00, 0x00, 0x00, 0x00, 0x00, 0x00, 0x00,
  0x00, 0x00, 0x00, 0x00, 0x00, 0x00, 0x00, 0x00, 0x00, 0x00, 0x00, 0x00, 0x00, 0x00, 0x00, 0x00, 0x00, 0x00, 0x00, 0x00, 0x00, 0x00, 0x00, 0x00,
  0x00, 0x00, 0x00, 0x00, 0x00, 0x00, 0x00, 0x00, 0x00, 0x00, 0x00, 0x00, 0x00, 0x00, 0x00, 0x00, 0x00, 0x00, 0x00, 0x00, 0x00, 0x3d, 0x09, 0x70,
  0x00, 0x69, 0x0c, 0x30, 0x0c, 0xff, 0xff, 0xf2, 0x02, 0xd5, 0x5d, 0x30, 0x00, 0xe1, 0x6a, 0x00, 0x5f, 0xff, 0xff, 0x90, 0x17, 0xb2, 0xc6, 0x10,
  0x08, 0x80, 0xe2, 0x00, 0x0a, 0x61, 0xe0, 0x00, 0x00, 0x00, 0x00, 0x00, 0x00, 0x00, 0x00, 0x00, 0x00, 0x00, 0x00, 0x00, 0x00, 0x00, 0x00, 0x00,
  0x00, 0x00, 0x00, 0x00, 0x00, 0x00, 0x00, 0x00, 0x00, 0x00, 0x00, 0x00, 0x00, 0x00, 0x00, 0x00, 0x00, 0x08, 0x60, 0x00, 0x02, 0x9e, 0xd7, 0x00,
  0x0d, 0xbb, 0xad, 0x80, 0x2f, 0x28, 0x66, 0xc0, 0x0d, 0xaa, 0x60, 0x00, 0x02, 0xae, 0xd8, 0x10, 0x00, 0x08, 0x9c, 0xd0, 0x4e, 0x18, 0x62, 0xf2,
  0x0d, 0xaa, 0x78, 0xe0, 0x02, 0xbe, 0xec, 0x40, 0x00, 0x08, 0x60, 0x00, 0x00, 0x00, 0x00, 0x00, 0x00, 0x00, 0x00, 0x00, 0x00, 0x00, 0x00, 0x00,
  0x00, 0x00, 0x00, 0x00, 0x00, 0x00, 0x00, 0x00, 0x00, 0x00, 0x00, 0x00, 0x00, 0x00, 0x00, 0x00, 0x00, 0x00, 0x00, 0x00, 0x4d, 0xd4, 0x03, 0xc0,
  0xc7, 0x8b, 0x0b, 0x30, 0xc5, 0x5b, 0x69, 0x00, 0x4d, 0xd5, 0xd1, 0x00, 0x00, 0x09, 0xbe, 0xc1, 0x00, 0x3c, 0xe5, 0xa8, 0x00, 0xc3, 0xe0, 0x5a,
  0x06, 0x90, 0xd5, 0xa8, 0x1d, 0x10, 0x5d, 0xc1, 0x00, 0x00, 0x00, 0x00, 0x00, 0x00, 0x00, 0x00, 0x00, 0x00, 0x00, 0x00, 0x00, 0x00, 0x00, 0x00,
  0x00, 0x00, 0x00, 0x00, 0x00, 0x00, 0x00, 0x00, 0x00, 0x00, 0x00, 0x00, 0x00, 0x00, 0x00, 0x00, 0x00, 0x00, 0x00, 0x00, 0x02, 0xce, 0xc2, 0x00,
  0x0b, 0xc4, 0xca, 0x00, 0x0b, 0x80, 0xa9, 0x00, 0x05, 0xe8, 0xc1, 0x00, 0x07, 0xfe, 0x10, 0x00, 0x6e, 0x3b, 0xb0, 0xe5, 0xb9, 0x01, 0xcc, 0xe1,
  0x9d, 0x53, 0x9f, 0x90, 0x1a, 0xee, 0xc7, 0xe3, 0x00, 0x00, 0x00, 0x00, 0x00, 0x00, 0x00, 0x00, 0x00, 0x00, 0x00, 0x00, 0x00, 0x00, 0x00, 0x00,
  0x00, 0x00, 0x00, 0x00, 0x00, 0x00, 0x00, 0x00, 0x00, 0x00, 0x00, 0x00, 0x00, 0x00, 0x00, 0x00, 0x00, 0x00, 0x00, 0x00, 0x00, 0x0c, 0x90, 0x00,
  0x00, 0x0c, 0x90, 0x00, 0x00, 0x0b, 0x80, 0x00, 0x00, 0x0a, 0x70, 0x00, 0x00, 0x0a, 0x70, 0x00, 0x00, 0x00, 0x00, 0x00, 0x00, 0x00, 0x00, 0x00,
  0x00, 0x00, 0x00, 0x00, 0x00, 0x00, 0x00, 0x00, 0x00, 0x00, 0x00, 0x00, 0x00, 0x00, 0x00, 0x00, 0x00, 0x00, 0x00, 0x00, 0x00, 0x00, 0x00, 0x00,
  0x00, 0x00, 0x00, 0x00, 0x00, 0x00, 0x00, 0x00, 0x00, 0x00, 0x00, 0x00, 0x00, 0x00, 0x00, 0x00, 0x00, 0x01, 0xd5, 0x00, 0x00, 0x0c, 0x80, 0x00,
  0x00, 0x5e, 0x10, 0x00, 0x00, 0xb9, 0x00, 0x00, 0x00, 0xd7, 0x00, 0x00, 0x00, 0xe5, 0x00, 0x00, 0x00, 0xd7, 0x00, 0x00, 0x00, 0xb9, 0x00, 0x00,
  0x00, 0x5e, 0x10, 0x00, 0x00, 0x0c, 0x80, 0x00, 0x00, 0x01, 0xd5, 0x00, 0x00, 0x00, 0x00, 0x00, 0x00, 0x00, 0x00, 0x00, 0x00, 0x00, 0x00, 0x00,
  0x00, 0x00, 0x00, 0x00, 0x00, 0x00, 0x00, 0x00, 0x00, 0x00, 0x00, 0x00, 0x00, 0x00, 0x00, 0x00, 0x00, 0x8b, 0x00, 0x00, 0x00, 0x0b, 0x90, 0x00,
  0x00, 0x03, 0xf2, 0x00, 0x00, 0x00, 0xc8, 0x00, 0x00, 0x00, 0xaa, 0x00, 0x00, 0x00, 0x8c, 0x00, 0x00, 0x00, 0xaa, 0x00, 0x00, 0x00, 0xc8, 0x00,
  0x00, 0x03, 0xf2, 0x00, 0x00, 0x0b, 0x90, 0x00, 0x00, 0x8b, 0x00, 0x00, 0x00, 0x00, 0x00, 0x00, 0x00, 0x00, 0x00, 0x00, 0x00, 0x00, 0x00, 0x00,
  0x00, 0x00, 0x00, 0x00, 0x00, 0x00, 0x00, 0x00, 0x00, 0x00, 0x00, 0x00, 0x00, 0x00, 0x00, 0x00, 0x00, 0x10, 0x01, 0x00, 0x00, 0xd2, 0x5b, 0x00,
  0x00, 0x5c, 0xd2, 0x00, 0x0e, 0xff, 0xff, 0xb0, 0x02, 0x6d, 0xe4, 0x20, 0x00, 0xd4, 0x7b, 0x00, 0x00, 0x30, 0x03, 0x00, 0x00, 0x00, 0x00, 0x00,
  0x00, 0x00, 0x00, 0x00, 0x00, 0x00, 0x00, 0x00, 0x00, 0x00, 0x00, 0x00, 0x00, 0x00, 0x00, 0x00, 0x00, 0x00, 0x00, 0x00, 0x00, 0x00, 0x00, 0x00,
  0x00, 0x00, 0x00, 0x00, 0x00, 0x00, 0x00, 0x00, 0x00, 0x00, 0x00, 0x00, 0x00, 0x00, 0x00, 0x00, 0x00, 0x00, 0x00, 0x00, 0x00, 0x00, 0x00, 0x00,
  0x00, 0x00, 0x00, 0x00, 0x00, 0x0a, 0x70, 0x00, 0x00, 0x0a, 0x70, 0x00, 0x3f, 0xff, 0xff, 0xf0, 0x02, 0x2b, 0x82, 0x20, 0x00, 0x0a, 0x70, 0x00,
  0x00, 0x0a, 0x70, 0x00, 0x00, 0x00, 0x00, 0x00, 0x00, 0x00, 0x00, 0x00, 0x00, 0x00, 0x00, 0x00, 0x00, 0x00, 0x00, 0x00, 0x00, 0x00, 0x00, 0x00,
  0x00, 0x00, 0x00, 0x00, 0x00, 0x00, 0x00, 0x00, 0x00, 0x00, 0x00, 0x00, 0x00, 0x00, 0x00, 0x00, 0x00, 0x00, 0x00, 0x00, 0x00, 0x00, 0x00, 0x00,
  0x00, 0x00, 0x00, 0x00, 0x00, 0x00, 0x00, 0x00, 0x00, 0x00, 0x00, 0x00, 0x00, 0x00, 0x00, 0x00, 0x00, 0x00, 0x00, 0x00, 0x00, 0x00, 0x00, 0x00,
  0x00, 0x02, 0x20, 0x00, 0x00, 0x0e, 0xb0, 0x00, 0x00, 0x05, 0x80, 0x00, 0x00, 0x0b, 0x20, 0x00, 0x00, 0x00, 0x00, 0x00, 0x00, 0x00, 0x00, 0x00,
  0x00, 0x00, 0x00, 0x00, 0x00, 0x00, 0x00, 0x00, 0x00, 0x00, 0x00, 0x00, 0x00, 0x00, 0x00, 0x00, 0x00, 0x00, 0x00, 0x00, 0x00, 0x00, 0x00, 0x00,
  0x00, 0x00, 0x00, 0x00, 0x00, 0x00, 0x00, 0x00, 0x00, 0x00, 0x00, 0x00, 0x00, 0x00, 0x00, 0x00, 0x07, 0xff, 0xff, 0x40, 0x01, 0x22, 0x22, 0x00,
  0x00, 0x00, 0x00, 0x00, 0x00, 0x00, 0x00, 0x00, 0x00, 0x00, 0x00, 0x00, 0x00, 0x00, 0x00, 0x00, 0x00, 0x00, 0x00, 0x00, 0x00, 0x00, 0x00, 0x00,
  0x00, 0x00, 0x00, 0x00, 0x00, 0x00, 0x00, 0x00, 0x00, 0x00, 0x00, 0x00, 0x00, 0x00, 0x00, 0x00, 0x00, 0x00, 0x00, 0x00, 0x00, 0x00, 0x00, 0x00,
  0x00, 0x00, 0x00, 0x00, 0x00, 0x00, 0x00, 0x00, 0x00, 0x00, 0x00, 0x00, 0x00, 0x00, 0x00, 0x00, 0x00, 0x00, 0x00, 0x00, 0x00, 0x00, 0x00, 0x00,
  0x00, 0x03, 0x20, 0x00, 0x00, 0x0e, 0xb0, 0x00, 0x00, 0x00, 0x00, 0x00, 0x00, 0x00, 0x00, 0x00, 0x00, 0x00, 0x00, 0x00, 0x00, 0x00, 0x00, 0x00,
  0x00, 0x00, 0x00, 0x00, 0x00, 0x00, 0x00, 0x00, 0x00, 0x00, 0x00, 0x00, 0x00, 0x00, 0x00, 0x00, 0x00, 0x00, 0x0d, 0x40, 0x00, 0x00, 0x4d, 0x00,
  0x00, 0x00, 0x98, 0x00, 0x00, 0x00, 0xe3, 0x00, 0x00, 0x05, 0xd0, 0x00, 0x00, 0x0a, 0x70, 0x00, 0x00, 0x1e, 0x20, 0x00, 0x00, 0x6c, 0x00, 0x00,
  0x00, 0xc6, 0x00, 0x00, 0x02, 0xe1, 0x00, 0x00, 0x07, 0xb0, 0x00, 0x00, 0x00, 0x00, 0x00, 0x00, 0x00, 0x00, 0x00, 0x00, 0x00, 0x00, 0x00, 0x00,
  0x00, 0x00, 0x00, 0x00, 0x00, 0x00, 0x00, 0x00, 0x00, 0x00, 0x00, 0x00, 0x00, 0x00, 0x00, 0x00, 0x00, 0x00, 0x00, 0x00, 0x00, 0x9e, 0xd7, 0x00,
  0x09, 0xd4, 0x6f, 0x60, 0x1e, 0x50, 0x7e, 0xd0, 0x4f, 0x21, 0xd6, 0xf1, 0x5f, 0x09, 0x63, 0xf2, 0x4f, 0x5c, 0x04, 0xf1, 0x1e, 0xe4, 0x08, 0xd0,
  0x09, 0xe4, 0x6e, 0x60, 0x00, 0x9e, 0xd7, 0x00, 0x00, 0x00, 0x00, 0x00, 0x00, 0x00, 0x00, 0x00, 0x00, 0x00, 0x00, 0x00, 0x00, 0x00, 0x00, 0x00,
  0x00, 0x00, 0x00, 0x00, 0x00, 0x00, 0x00, 0x00, 0x00, 0x00, 0x00, 0x00, 0x00, 0x00, 0x00, 0x00, 0x00, 0x00, 0x00, 0x00, 0x00, 0x06, 0xd0, 0x00,
  0x0c, 0xff, 0xd0, 0x00, 0x02, 0x28, 0xd0, 0x00, 0x00, 0x06, 0xd0, 0x00, 0x00, 0x06, 0xd0, 0x00, 0x00, 0x06, 0xd0, 0x00, 0x00, 0x06, 0xd0, 0x00,
  0x14, 0x49, 0xe4, 0x40, 0x4f, 0xff, 0xff, 0xf1, 0x00, 0x00, 0x00, 0x00, 0x00, 0x00, 0x00, 0x00, 0x00, 0x00, 0x00, 0x00, 0x00, 0x00, 0x00, 0x00,
  0x00, 0x00, 0x00, 0x00, 0x00, 0x00, 0x00, 0x00, 0x00, 0x00, 0x00, 0x00, 0x00, 0x00, 0x00, 0x00, 0x00, 0x00, 0x00, 0x00, 0x01, 0x9d, 0xeb, 0x20,
  0x0c, 0xc4, 0x4b, 0xc0, 0x2d, 0x30, 0x04, 0xf1, 0x00, 0x00, 0x09, 0xe0, 0x00, 0x03, 0xbe, 0x50, 0x00, 0x8e, 0xa2, 0x00, 0x09, 0xe4, 0x00, 0x00,
  0x2f, 0x83, 0x33, 0x30, 0x5f, 0xff, 0xff, 0xf2, 0x00, 0x00, 0x00, 0x00, 0x00, 0x00, 0x00, 0x00, 0x00, 0x00, 0x00, 0x00, 0x00, 0x00, 0x00, 0x00,
  0x00, 0x00, 0x00, 0x00, 0x00, 0x00, 0x00, 0x00, 0x00, 0x00, 0x00, 0x00, 0x00, 0x00, 0x00, 0x00, 0x00, 0x00, 0x00, 0x00, 0x03, 0xbe, 0xea, 0x10,
  0x0d, 0x93, 0x4c, 0xb0, 0x00, 0x00, 0x1b, 0xa0, 0x00, 0x0c, 0xfc, 0x10, 0x00, 0x02, 0x4c, 0x90, 0x00, 0x00, 0x05, 0xf1, 0x3b, 0x10, 0x04, 0xf1,
  0x1d, 0xa3, 0x5d, 0xb0, 0x03, 0xbe, 0xe9, 0x10, 0x00, 0x00, 0x00, 0x00, 0x00, 0x00, 0x00, 0x00, 0x00, 0x00, 0x00, 0x00, 0x00, 0x00, 0x00, 0x00,
  0x00, 0x00, 0x00, 0x00, 0x00, 0x00, 0x00, 0x00, 0x00, 0x00, 0x00, 0x00, 0x00, 0x00, 0x00, 0x00, 0x00, 0x00, 0x00, 0x00, 0x00, 0x00, 0x9f, 0x30,
  0x00, 0x05, 0xef, 0x30, 0x00, 0x1e, 0x7f, 0x30, 0x00, 0xb9, 0x2f, 0x30, 0x06, 0xc0, 0x2f, 0x30, 0x2e, 0x30, 0x2f, 0x30, 0x7f, 0xff, 0xff, 0xf4,
  0x13, 0x33, 0x4f, 0x61, 0x00, 0x00, 0x2f, 0x30, 0x00, 0x00, 0x00, 0x00, 0x00, 0x00, 0x00, 0x00, 0x00, 0x00, 0x00, 0x00, 0x00, 0x00, 0x00, 0x00,
  0x00, 0x00, 0x00, 0x00, 0x00, 0x00, 0x00, 0x00, 0x00, 0x00, 0x00, 0x00, 0x00, 0x00, 0x00, 0x00, 0x00, 0x00, 0x00, 0x00, 0x08, 0xff, 0xff, 0x80,
  0x0a, 0xa3, 0x33, 0x10, 0x0c, 0x70, 0x00, 0x00, 0x0e, 0xad, 0xea, 0x10, 0x0f, 0xc4, 0x4d, 0xa0, 0x00, 0x00, 0x06, 0xe0, 0x17, 0x10, 0x06, 0xe0,
  0x0d, 0xb3, 0x5d, 0x90, 0x02, 0xbe, 0xd8, 0x00, 0x00, 0x00, 0x00, 0x00, 0x00, 0x00, 0x00, 0x00, 0x00, 0x00, 0x00, 0x00, 0x00, 0x00, 0x00, 0x00,
  0x00, 0x00, 0x00, 0x00, 0x00, 0x00, 0x00, 0x00, 0x00, 0x00, 0x00, 0x00, 0x00, 0x00, 0x00, 0x00, 0x00, 0x00, 0x00, 0x00, 0x00, 0x7d, 0xeb, 0x20,
  0x08, 0xe6, 0x3a, 0xd0, 0x0e, 0x60, 0x00, 0x10, 0x3f, 0x7d, 0xeb, 0x20, 0x5f, 0xb4, 0x4c, 0xc0, 0x5f, 0x20, 0x04, 0xf2, 0x3f, 0x20, 0x04, 0xf1,
  0x0c, 0xb4, 0x4c, 0xb0, 0x01, 0xad, 0xe9, 0x10, 0x00, 0x00, 0x00, 0x00, 0x00, 0x00, 0x00, 0x00, 0x00, 0x00, 0x00, 0x00, 0x00, 0x00, 0x00, 0x00,
  0x00, 0x00, 0x00, 0x00, 0x00, 0x00, 0x00, 0x00, 0x00, 0x00, 0x00, 0x00, 0x00, 0x00, 0x00, 0x00, 0x00, 0x00, 0x00, 0x00, 0x3f, 0xff, 0xff, 0xf0,
  0x03, 0x33, 0x3b, 0xa0, 0x00, 0x00, 0x5d, 0x00, 0x00, 0x01, 0xe4, 0x00, 0x00, 0x08, 0xb0, 0x00, 0x00, 0x0d, 0x50, 0x00, 0x00, 0x3f, 0x10, 0x00,
  0x00, 0x6d, 0x00, 0x00, 0x00, 0x8c, 0x00, 0x00, 0x00, 0x00, 0x00, 0x00, 0x00, 0x00, 0x00, 0x00, 0x00, 0x00, 0x00, 0x00, 0x00, 0x00, 0x00, 0x00,
  0x00, 0x00, 0x00, 0x00, 0x00, 0x00, 0x00, 0x00, 0x00, 0x00, 0x00, 0x00, 0x00, 0x00, 0x00, 0x00, 0x00, 0x00, 0x00, 0x00, 0x02, 0xbe, 0xe9, 0x10,
  0x0c, 0xb3, 0x4d, 0x90, 0x0c, 0x90, 0x2c, 0x90, 0x02, 0xdf, 0xfc, 0x10, 0x0c, 0xb3, 0x4c, 0x90, 0x4f, 0x10, 0x04, 0xf1, 0x5f, 0x10, 0x04, 0xf2,
  0x1e, 0xa4, 0x4c, 0xc0, 0x03, 0xbe, 0xea, 0x10, 0x00, 0x00, 0x00, 0x00, 0x00, 0x00, 0x00, 0x00, 0x00, 0x00, 0x00, 0x00, 0x00, 0x00, 0x00, 0x00,
  0x00, 0x00, 0x00, 0x00, 0x00, 0x00, 0x00, 0x00, 0x00, 0x00, 0x00, 0x00, 0x00, 0x00, 0x00, 0x00, 0x00, 0x00, 0x00, 0x00, 0x02, 0xae, 0xd8, 0x00,
  0x0d, 0xb4, 0x5d, 0x80, 0x4f, 0x20, 0x05, 0xe0, 0x5f, 0x10, 0x04, 0xf2, 0x2e, 0x81, 0x2c, 0xf2, 0x05, 0xef, 0xea, 0xf0, 0x00, 0x02, 0x08, 0xb0,
  0x2e, 0x83, 0x7e, 0x40, 0x05, 0xce, 0xc5, 0x00, 0x00, 0x00, 0x00, 0x00, 0x00, 0x00, 0x00, 0x00, 0x00, 0x00, 0x00, 0x00, 0x00, 0x00, 0x00, 0x00,
  0x00, 0x00, 0x00, 0x00, 0x00, 0x00, 0x00, 0x00, 0x00, 0x00, 0x00, 0x00, 0x00, 0x00, 0x00, 0x00, 0x00, 0x00, 0x00, 0x00, 0x00, 0x00, 0x00, 0x00,
  0x00, 0x00, 0x00, 0x00, 0x00, 0x03, 0x20, 0x00, 0x00, 0x0e, 0xb0, 0x00, 0x00, 0x00, 0x00, 0x00, 0x00, 0x00, 0x00, 0x00, 0x00, 0x00, 0x00, 0x00,
  0x00, 0x03, 0x20, 0x00, 0x00, 0x0e, 0xb0, 0x00, 0x00, 0x00, 0x00, 0x00, 0x00, 0x00, 0x00, 0x00, 0x00, 0x00, 0x00, 0x00, 0x00, 0x00, 0x00, 0x00,
  0x00, 0x00, 0x00, 0x00, 0x00, 0x00, 0x00, 0x00, 0x00, 0x00, 0x00, 0x00, 0x00, 0x00, 0x00, 0x00, 0x00, 0x00, 0x00, 0x00, 0x00, 0x00, 0x00, 0x00,
  0x00, 0x00, 0x00, 0x00, 0x00, 0x03, 0x20, 0x00, 0x00, 0x0e, 0xb0, 0x00, 0x00, 0x00, 0x00, 0x00, 0x00, 0x00, 0x00, 0x00, 0x00, 0x00, 0x00, 0x00,
  0x00, 0x02, 0x20, 0x00, 0x00, 0x0e, 0xb0, 0x00, 0x00, 0x05, 0x80, 0x00, 0x00, 0x0b, 0x20, 0x00, 0x00, 0x00, 0x00, 0x00, 0x00, 0x00, 0x00, 0x00,
  0x00, 0x00, 0x00, 0x00, 0x00, 0x00, 0x00, 0x00, 0x00, 0x00, 0x00, 0x00, 0x00, 0x00, 0x00, 0x00, 0x00, 0x00, 0x00, 0x00, 0x00, 0x00, 0x00, 0x00,
  0x00, 0x00, 0x00, 0x00, 0x00, 0x00, 0x18, 0xc0, 0x00, 0x3a, 0xeb, 0x40, 0x0c, 0xe9, 0x20, 0x00, 0x1f, 0x92, 0x00, 0x00, 0x04, 0xae, 0xa3, 0x00,
  0x00, 0x02, 0x8e, 0xb0, 0x00, 0x00, 0x01, 0x50, 0x00, 0x00, 0x00, 0x00, 0x00, 0x00, 0x00, 0x00, 0x00, 0x00, 0x00, 0x00, 0x00, 0x00, 0x00, 0x00,
  0x00, 0x00, 0x00, 0x00, 0x00, 0x00, 0x00, 0x00, 0x00, 0x00, 0x00, 0x00, 0x00, 0x00, 0x00, 0x00, 0x00, 0x00, 0x00, 0x00, 0x00, 0x00, 0x00, 0x00,
  0x00, 0x00, 0x00, 0x00, 0x00, 0x00, 0x00, 0x00, 0x0e, 0xff, 0xff, 0xb0, 0x02, 0x22, 0x22, 0x20, 0x00, 0x00, 0x00, 0x00, 0x0e, 0xff, 0xff, 0xb0,
  0x02, 0x22, 0x22, 0x20, 0x00, 0x00, 0x00, 0x00, 0x00, 0x00, 0x00, 0x00, 0x00, 0x00, 0x00, 0x00, 0x00, 0x00, 0x00, 0x00, 0x00, 0x00, 0x00, 0x00,
  0x00, 0x00, 0x00, 0x00, 0x00, 0x00, 0x00, 0x00, 0x00, 0x00, 0x00, 0x00, 0x00, 0x00, 0x00, 0x00, 0x00, 0x00, 0x00, 0x00, 0x00, 0x00, 0x00, 0x00,
  0x00, 0x00, 0x00, 0x00, 0x1d, 0x61, 0x00, 0x00, 0x05, 0xce, 0x82, 0x00, 0x00, 0x03, 0xae, 0x90, 0x00, 0x00, 0x3b, 0xd0, 0x00, 0x5b, 0xe9, 0x20,
  0x0d, 0xd7, 0x10, 0x00, 0x05, 0x00, 0x00, 0x00, 0x00, 0x00, 0x00, 0x00, 0x00, 0x00, 0x00, 0x00, 0x00, 0x00, 0x00, 0x00, 0x00, 0x00, 0x00, 0x00,
  0x00, 0x00, 0x00, 0x00, 0x00, 0x00, 0x00, 0x00, 0x00, 0x00, 0x00, 0x00, 0x00, 0x00, 0x00, 0x00, 0x00, 0x00, 0x00, 0x00, 0x01, 0x9e, 0xea, 0x10,
  0x0a, 0xc4, 0x4c, 0xa0, 0x1e, 0x40, 0x06, 0xe0, 0x00, 0x00, 0x09, 0xc0, 0x00, 0x00, 0xbd, 0x30, 0x00, 0x08, 0xc1, 0x00, 0x00, 0x09, 0x60, 0x00,
  0x00, 0x03, 0x20, 0x00, 0x00, 0x0f, 0xb0, 0x00, 0x00, 0x00, 0x00, 0x00, 0x00, 0x00, 0x00, 0x00, 0x00, 0x00, 0x00, 0x00, 0x00, 0x00, 0x00, 0x00,
  0x00, 0x00, 0x00, 0x00, 0x00, 0x00, 0x00, 0x00, 0x00, 0x00, 0x00, 0x00, 0x00, 0x00, 0x00, 0x00, 0x00, 0x00, 0x00, 0x00, 0x00, 0x6c, 0xeb, 0x20,
  0x07, 0xd5, 0x39, 0xd0, 0x1d, 0x10, 0x00, 0xb4, 0x68, 0x3d, 0xba, 0x67, 0x95, 0xc7, 0xa8, 0x58, 0xa4, 0xe0, 0x77, 0x67, 0xb4, 0xf2, 0xb8, 0xa4,
  0xa3, 0xbe, 0x6e, 0xc0, 0x77, 0x01, 0x01, 0x00, 0x2e, 0x50, 0x32, 0x00, 0x05, 0xef, 0xe5, 0x00, 0x00, 0x02, 0x00, 0x00, 0x00, 0x00, 0x00, 0x00,
  0x00, 0x00, 0x00, 0x00, 0x00, 0x00, 0x00, 0x00, 0x00, 0x00, 0x00, 0x00, 0x00, 0x00, 0x00, 0x00, 0x00, 0x00, 0x00, 0x00, 0x00, 0x2e, 0xd0, 0x00,
  0x00, 0x6a, 0xd3, 0x00, 0x00, 0xb6, 0x97, 0x00, 0x00, 0xe2, 0x5c, 0x00, 0x05, 0xd0, 0x1e, 0x10, 0x09, 0xff, 0xff, 0x60, 0x0d, 0x63, 0x39, 0xb0,
  0x3f, 0x10, 0x04, 0xe0, 0x8c, 0x00, 0x00, 0xe5, 0x00, 0x00, 0x00, 0x00, 0x00, 0x00, 0x00, 0x00, 0x00, 0x00, 0x00, 0x00, 0x00, 0x00, 0x00, 0x00,
  0x00, 0x00, 0x00, 0x00, 0x00, 0x00, 0x00, 0x00, 0x00, 0x00, 0x00, 0x00, 0x00, 0x00, 0x00, 0x00, 0x00, 0x00, 0x00, 0x00, 0x0d, 0xfe, 0xd9, 0x00,
  0x0d, 0x83, 0x5d, 0x90, 0x0d, 0x60, 0x08, 0xc0, 0x0d, 0x60, 0x2c, 0x80, 0x0d, 0xff, 0xfb, 0x10, 0x0d, 0x82, 0x3a, 0xc0, 0x0d, 0x60, 0x03, 0xf3,
  0x0d, 0x83, 0x3a, 0xe0, 0x0d, 0xff, 0xeb, 0x30, 0x00, 0x00, 0x00, 0x00, 0x00, 0x00, 0x00, 0x00, 0x00, 0x00, 0x00, 0x00, 0x00, 0x00, 0x00, 0x00,
  0x00, 0x00, 0x00, 0x00, 0x00, 0x00, 0x00, 0x00, 0x00, 0x00, 0x00, 0x00, 0x00, 0x00, 0x00, 0x00, 0x00, 0x00, 0x00, 0x00, 0x01, 0xae, 0xd8, 0x00,
  0x0b, 0xd4, 0x5d, 0x80, 0x3f, 0x30, 0x06, 0xe0, 0x6e, 0x00, 0x00, 0x00, 0x7d, 0x00, 0x00, 0x00, 0x6e, 0x00, 0x00, 0x20, 0x3f, 0x30, 0x05, 0xe1,
  0x0b, 0xc4, 0x5d, 0x90, 0x01, 0xae, 0xd8, 0x00, 0x00, 0x00, 0x00, 0x00, 0x00, 0x00, 0x00, 0x00, 0x00, 0x00, 0x00, 0x00, 0x00, 0x00, 0x00, 0x00,
  0x00, 0x00, 0x00, 0x00, 0x00, 0x00, 0x00, 0x00, 0x00, 0x00, 0x00, 0x00, 0x00, 0x00, 0x00, 0x00, 0x00, 0x00, 0x00, 0x00, 0x0d, 0xfe, 0xc5, 0x00,
  0x0d, 0x83, 0x8e, 0x60, 0x0d, 0x60, 0x08, 0xe0, 0x0d, 0x60, 0x03, 0xf3, 0x0d, 0x60, 0x01, 0xf4, 0x0d, 0x60, 0x03, 0xf3, 0x0d, 0x60, 0x08, 0xe0,
  0x0d, 0x83, 0x7e, 0x70, 0x0d, 0xfe, 0xc6, 0x00, 0x00, 0x00, 0x00, 0x00, 0x00, 0x00, 0x00, 0x00, 0x00, 0x00, 0x00, 0x00, 0x00, 0x00, 0x00, 0x00,
  0x00, 0x00, 0x00, 0x00, 0x00, 0x00, 0x00, 0x00, 0x00, 0x00, 0x00, 0x00, 0x00, 0x00, 0x00, 0x00, 0x00, 0x00, 0x00, 0x00, 0x0c, 0xff, 0xff, 0xc0,
  0x0c, 0x93, 0x33, 0x20, 0x0c, 0x70, 0x00, 0x00, 0x0c, 0x70, 0x00, 0x00, 0x0c, 0xff, 0xff, 0x90, 0x0c, 0x92, 0x22, 0x10, 0x0c, 0x70, 0x00, 0x00,
  0x0c, 0x93, 0x33, 0x20, 0x0c, 0xff, 0xff, 0xd0, 0x00, 0x00, 0x00, 0x00, 0x00, 0x00, 0x00, 0x00, 0x00, 0x00, 0x00, 0x00, 0x00, 0x00, 0x00, 0x00,
  0x00, 0x00, 0x00, 0x00, 0x00, 0x00, 0x00, 0x00, 0x00, 0x00, 0x00, 0x00, 0x00, 0x00, 0x00, 0x00, 0x00, 0x00, 0x00, 0x00, 0x0a, 0xff, 0xff, 0xf0,
  0x0a, 0xa3, 0x33, 0x30, 0x0a, 0x90, 0x00, 0x00, 0x0a, 0x90, 0x00, 0x00, 0x0a, 0xff, 0xff, 0xc0, 0x0a, 0xa2, 0x22, 0x20, 0x0a, 0x90, 0x00, 0x00,
  0x0a, 0x90, 0x00, 0x00, 0x0a, 0x90, 0x00, 0x00, 0x00, 0x00, 0x00, 0x00, 0x00, 0x00, 0x00, 0x00, 0x00, 0x00, 0x00, 0x00, 0x00, 0x00, 0x00, 0x00,
  0x00, 0x00, 0x00, 0x00, 0x00, 0x00, 0x00, 0x00, 0x00, 0x00, 0x00, 0x00, 0x00, 0x00, 0x00, 0x00, 0x00, 0x00, 0x00, 0x00, 0x01, 0x9e, 0xd8, 0x00,
  0x0b, 0xd4, 0x4d, 0xa0, 0x3f, 0x30, 0x03, 0x90, 0x6e, 0x00, 0x00, 0x00, 0x7d, 0x00, 0xff, 0xf3, 0x6e, 0x00, 0x23, 0xf3, 0x3f, 0x30, 0x04, 0xf3,
  0x0b, 0xd4, 0x4c, 0xe3, 0x01, 0x9e, 0xd5, 0xd3, 0x00, 0x00, 0x00, 0x00, 0x00, 0x00, 0x00, 0x00, 0x00, 0x00, 0x00, 0x00, 0x00, 0x00, 0x00, 0x00,
  0x00, 0x00, 0x00, 0x00, 0x00, 0x00, 0x00, 0x00, 0x00, 0x00, 0x00, 0x00, 0x00, 0x00, 0x00, 0x00, 0x00, 0x00, 0x00, 0x00, 0x4f, 0x10, 0x04, 0xf1,
  0x4f, 0x10, 0x04, 0xf1, 0x4f, 0x10, 0x04, 0xf1, 0x4f, 0x10, 0x04, 0xf1, 0x4f, 0xff, 0xff, 0xf1, 0x4f, 0x32, 0x26, 0xf1, 0x4f, 0x10, 0x04, 0xf1,
  0x4f, 0x10, 0x04, 0xf1, 0x4f, 0x10, 0x04, 0xf1, 0x00, 0x00, 0x00, 0x00, 0x00, 0x00, 0x00, 0x00, 0x00, 0x00, 0x00, 0x00, 0x00, 0x00, 0x00, 0x00,
  0x00, 0x00, 0x00, 0x00, 0x00, 0x00, 0x00, 0x00, 0x00, 0x00, 0x00, 0x00, 0x00, 0x00, 0x00, 0x00, 0x00, 0x00, 0x00, 0x00, 0x0e, 0xff, 0xff, 0xb0,
  0x03, 0x3c, 0x93, 0x20, 0x00, 0x0b, 0x80, 0x00, 0x00, 0x0b, 0x80, 0x00, 0x00, 0x0b, 0x80, 0x00, 0x00, 0x0b, 0x80, 0x00, 0x00, 0x0b, 0x80, 0x00,
  0x03, 0x3c, 0x93, 0x20, 0x0e, 0xff, 0xff, 0xb0, 0x00, 0x00, 0x00, 0x00, 0x00, 0x00, 0x00, 0x00, 0x00, 0x00, 0x00, 0x00, 0x00, 0x00, 0x00, 0x00,
  0x00, 0x00, 0x00, 0x00, 0x00, 0x00, 0x00, 0x00, 0x00, 0x00, 0x00, 0x00, 0x00, 0x00, 0x00, 0x00, 0x00, 0x00, 0x00, 0x00, 0x00, 0x00, 0x0a, 0x90,
  0x00, 0x00, 0x0a, 0x90, 0x00, 0x00, 0x0a, 0x90, 0x00, 0x00, 0x0a, 0x90, 0x00, 0x00, 0x0a, 0x90, 0x02, 0x00, 0x0a, 0x90, 0x5e, 0x00, 0x0c, 0x80,
  0x1e, 0x83, 0x7e, 0x30, 0x03, 0xce, 0xc5, 0x00, 0x00, 0x00, 0x00, 0x00, 0x00, 0x00, 0x00, 0x00, 0x00, 0x00, 0x00, 0x00, 0x00, 0x00, 0x00, 0x00,
  0x00, 0x00, 0x00, 0x00, 0x00, 0x00, 0x00, 0x00, 0x00, 0x00, 0x00, 0x00, 0x00, 0x00, 0x00, 0x00, 0x00, 0x00, 0x00, 0x00, 0x4f, 0x10, 0x0c, 0xb0,
  0x4f, 0x10, 0xad, 0x10, 0x4f, 0x17, 0xe2, 0x00, 0x4f, 0x6e, 0x40, 0x00, 0x4f, 0xef, 0x40, 0x00, 0x4f, 0x99, 0xd0, 0x00, 0x4f, 0x10, 0xd9, 0x00,
  0x4f, 0x10, 0x4f, 0x40, 0x4f, 0x10, 0x09, 0xd1, 0x00, 0x00, 0x00, 0x00, 0x00, 0x00, 0x00, 0x00, 0x00, 0x00, 0x00, 0x00, 0x00, 0x00, 0x00, 0x00,
  0x00, 0x00, 0x00, 0x00, 0x00, 0x00, 0x00, 0x00, 0x00, 0x00, 0x00, 0x00, 0x00, 0x00, 0x00, 0x00, 0x00, 0x00, 0x00, 0x00, 0x0a, 0x90, 0x00, 0x00,
  0x0a, 0x90, 0x00, 0x00, 0x0a, 0x90, 0x00, 0x00, 0x0a, 0x90, 0x00, 0x00, 0x0a, 0x90, 0x00, 0x00, 0x0a, 0x90, 0x00, 0x00, 0x0a, 0x90, 0x00, 0x00,
  0x0a, 0xb4, 0x44, 0x40, 0x0a, 0xff, 0xff, 0xf0, 0x00, 0x00, 0x00, 0x00, 0x00, 0x00, 0x00, 0x00, 0x00, 0x00, 0x00, 0x00, 0x00, 0x00, 0x00, 0x00,
  0x00, 0x00, 0x00, 0x00, 0x00, 0x00, 0x00, 0x00, 0x00, 0x00, 0x00, 0x00, 0x00, 0x00, 0x00, 0x00, 0x00, 0x00, 0x00, 0x00, 0x5f, 0x80, 0x0b, 0xf2,
  0x5f, 0xc0, 0x0e, 0xf2, 0x5e, 0xe1, 0x4d, 0xf2, 0x5e, 0xa4, 0x79, 0xf2, 0x5e, 0x68, 0xb5, 0xf2, 0x5e, 0x3c, 0xe2, 0xf2, 0x5e, 0x0e, 0xb2, 0xf2,
  0x5e, 0x09, 0x72, 0xf2, 0x5e, 0x00, 0x02, 0xf2, 0x00, 0x00, 0x00, 0x00, 0x00, 0x00, 0x00, 0x00, 0x00, 0x00, 0x00, 0x00, 0x00, 0x00, 0x00, 0x00,
  0x00, 0x00, 0x00, 0x00, 0x00, 0x00, 0x00, 0x00, 0x00, 0x00, 0x00, 0x00, 0x00, 0x00, 0x00, 0x00, 0x00, 0x00, 0x00, 0x00, 0x1f, 0xb0, 0x06, 0xd0,
  0x1f, 0xf2, 0x06, 0xd0, 0x1f, 0xb9, 0x06, 0xd0, 0x1f, 0x4e, 0x16, 0xd0, 0x1f, 0x3a, 0x66, 0xd0, 0x1f, 0x33, 0xd6, 0xd0, 0x1f, 0x30, 0xcb, 0xd0,
  0x1f, 0x30, 0x5f, 0xd0, 0x1f, 0x30, 0x0d, 0xd0, 0x00, 0x00, 0x00, 0x00, 0x00, 0x00, 0x00, 0x00, 0x00, 0x00, 0x00, 0x00, 0x00, 0x00, 0x00, 0x00,
  0x00, 0x00, 0x00, 0x00, 0x00, 0x00, 0x00, 0x00, 0x00, 0x00, 0x00, 0x00, 0x00, 0x00, 0x00, 0x00, 0x00, 0x00, 0x00, 0x00, 0x01, 0xae, 0xe9, 0x00,
  0x0b, 0xc4, 0x5e, 0x80, 0x3f, 0x30, 0x06, 0xe0, 0x6e, 0x00, 0x02, 0xf3, 0x7d, 0x00, 0x01, 0xf4, 0x6e, 0x00, 0x02, 0xf3, 0x3f, 0x30, 0x06, 0xe1,
  0x0b, 0xc4, 0x5e, 0x80, 0x01, 0xae, 0xe9, 0x00, 0x00, 0x00, 0x00, 0x00, 0x00, 0x00, 0x00, 0x00, 0x00, 0x00, 0x00, 0x00, 0x00, 0x00, 0x00, 0x00,
  0x00, 0x00, 0x00, 0x00, 0x00, 0x00, 0x00, 0x00, 0x00, 0x00, 0x00, 0x00, 0x00, 0x00, 0x00, 0x00, 0x00, 0x00, 0x00, 0x00, 0x0d, 0xff, 0xea, 0x20,
  0x0d, 0x83, 0x4b, 0xd0, 0x0d, 0x70, 0x04, 0xf2, 0x0d, 0x70, 0x19, 0xe0, 0x0d, 0xff, 0xfd, 0x40, 0x0d, 0x82, 0x20, 0x00, 0x0d, 0x70, 0x00, 0x00,
  0x0d, 0x70, 0x00, 0x00, 0x0d, 0x70, 0x00, 0x00, 0x00, 0x00, 0x00, 0x00, 0x00, 0x00, 0x00, 0x00, 0x00, 0x00, 0x00, 0x00, 0x00, 0x00, 0x00, 0x00,
  0x00, 0x00, 0x00, 0x00, 0x00, 0x00, 0x00, 0x00, 0x00, 0x00, 0x00, 0x00, 0x00, 0x00, 0x00, 0x00, 0x00, 0x00, 0x00, 0x00, 0x01, 0xae, 0xe9, 0x00,
  0x0b, 0xd5, 0x6e, 0x80, 0x3f, 0x30, 0x06, 0xe0, 0x6e, 0x00, 0x02, 0xf3, 0x7d, 0x00, 0x01, 0xf4, 0x6e, 0x00, 0x02, 0xf3, 0x3f, 0x38, 0x85, 0xe0,
  0x0b, 0xc7, 0xed, 0x90, 0x01, 0xae, 0xfa, 0x00, 0x00, 0x00, 0x89, 0x00, 0x00, 0x00, 0x26, 0x00, 0x00, 0x00, 0x00, 0x00, 0x00, 0x00, 0x00, 0x00,
  0x00, 0x00, 0x00, 0x00, 0x00, 0x00, 0x00, 0x00, 0x00, 0x00, 0x00, 0x00, 0x00, 0x00, 0x00, 0x00, 0x00, 0x00, 0x00, 0x00, 0x1f, 0xfe, 0xd8, 0x00,
  0x1f, 0x53, 0x5d, 0x90, 0x1f, 0x30, 0x08, 0xc0, 0x1f, 0x30, 0x2c, 0x90, 0x1f, 0xff, 0xfc, 0x00, 0x1f, 0x52, 0x4d, 0x80, 0x1f, 0x30, 0x08, 0xb0,
  0x1f, 0x30, 0x07, 0xd0, 0x1f, 0x30, 0x06, 0xe0, 0x00, 0x00, 0x00, 0x00, 0x00, 0x00, 0x00, 0x00, 0x00, 0x00, 0x00, 0x00, 0x00, 0x00, 0x00, 0x00,
  0x00, 0x00, 0x00, 0x00, 0x00, 0x00, 0x00, 0x00, 0x00, 0x00, 0x00, 0x00, 0x00, 0x00, 0x00, 0x00, 0x00, 0x00, 0x00, 0x00, 0x03, 0xbe, 0xd8, 0x00,
  0x0d, 0xa3, 0x5d, 0x90, 0x2f, 0x30, 0x05, 0xb0, 0x0d, 0xb4, 0x00, 0x00, 0x02, 0x9d, 0xea, 0x20, 0x00, 0x00, 0x3b, 0xd0, 0x4f, 0x20, 0x03, 0xf3,
  0x0d, 0xc4, 0x3a, 0xe0, 0x02, 0xae, 0xeb, 0x30, 0x00, 0x00, 0x00, 0x00, 0x00, 0x00, 0x00, 0x00, 0x00, 0x00, 0x00, 0x00, 0x00, 0x00, 0x00, 0x00,
  0x00, 0x00, 0x00, 0x00, 0x00, 0x00, 0x00, 0x00, 0x00, 0x00, 0x00, 0x00, 0x00, 0x00, 0x00, 0x00, 0x00, 0x00, 0x00, 0x00, 0x7f, 0xff, 0xff, 0xf4,
  0x13, 0x3c, 0x93, 0x30, 0x00, 0x0b, 0x80, 0x00, 0x00, 0x0b, 0x80, 0x00, 0x00, 0x0b, 0x80, 0x00, 0x00, 0x0b, 0x80, 0x00, 0x00, 0x0b, 0x80, 0x00,
  0x00, 0x0b, 0x80, 0x00, 0x00, 0x0b, 0x80, 0x00, 0x00, 0x00, 0x00, 0x00, 0x00, 0x00, 0x00, 0x00, 0x00, 0x00, 0x00, 0x00, 0x00, 0x00, 0x00, 0x00,
  0x00, 0x00, 0x00, 0x00, 0x00, 0x00, 0x00, 0x00, 0x00, 0x00, 0x00, 0x00, 0x00, 0x00, 0x00, 0x00, 0x00, 0x00, 0x00, 0x00, 0x3f, 0x10, 0x04, 0xf0,
  0x3f, 0x10, 0x04, 0xf0, 0x3f, 0x10, 0x04, 0xf0, 0x3f, 0x10, 0x04, 0xf0, 0x3f, 0x10, 0x04, 0xf0, 0x3f, 0x10, 0x04, 0xf0, 0x2f, 0x30, 0x06, 0xd0,
  0x0b, 0xc4, 0x5d, 0x80, 0x01, 0xae, 0xd8, 0x00, 0x00, 0x00, 0x00, 0x00, 0x00, 0x00, 0x00, 0x00, 0x00, 0x00, 0x00, 0x00, 0x00, 0x00, 0x00, 0x00,
  0x00, 0x00, 0x00, 0x00, 0x00, 0x00, 0x00, 0x00, 0x00, 0x00, 0x00, 0x00, 0x00, 0x00, 0x00, 0x00, 0x00, 0x00, 0x00, 0x00, 0x7d, 0x00, 0x02, 0xf4,
  0x3f, 0x30, 0x06, 0xe0, 0x0d, 0x70, 0x0a, 0xa0, 0x08, 0xc0, 0x0e, 0x50, 0x04, 0xf1, 0x4e, 0x10, 0x00, 0xe6, 0x8b, 0x00, 0x00, 0xaa, 0xd7, 0x00,
  0x00, 0x5e, 0xf2, 0x00, 0x00, 0x1e, 0xc0, 0x00, 0x00, 0x00, 0x00, 0x00, 0x00, 0x00, 0x00, 0x00, 0x00, 0x00, 0x00, 0x00, 0x00, 0x00, 0x00, 0x00,
  0x00, 0x00, 0x00, 0x00, 0x00, 0x00, 0x00, 0x00, 0x00, 0x00, 0x00, 0x00, 0x00, 0x00, 0x00, 0x00, 0x00, 0x00, 0x00, 0x00, 0x8b, 0x00, 0x00, 0xe5,
  0x7d, 0x0b, 0x81, 0xf4, 0x5e, 0x0d, 0xa2, 0xf2, 0x3f, 0x1e, 0xc3, 0xf0, 0x2f, 0x5b, 0xe5, 0xe0, 0x0f, 0x89, 0xc8, 0xc0, 0x0d, 0xc7, 0xac, 0xa0,
  0x0c, 0xe5, 0x8e, 0x90, 0x0a, 0xf3, 0x6f, 0x70, 0x00, 0x00, 0x00, 0x00, 0x00, 0x00, 0x00, 0x00, 0x00, 0x00, 0x00, 0x00, 0x00, 0x00, 0x00, 0x00,
  0x00, 0x00, 0x00, 0x00, 0x00, 0x00, 0x00, 0x00, 0x00, 0x00, 0x00, 0x00, 0x00, 0x00, 0x00, 0x00, 0x00, 0x00, 0x00, 0x00, 0x2e, 0x60, 0x09, 0xd0,
  0x08, 0xd0, 0x1e, 0x50, 0x01, 0xe6, 0x9c, 0x00, 0x00, 0x7d, 0xe4, 0x00, 0x00, 0x1f, 0xd0, 0x00, 0x00, 0x8d, 0xe4, 0x00, 0x01, 0xe5, 0x9c, 0x00,
  0x09, 0xc0, 0x1e, 0x60, 0x2e, 0x50, 0x08, 0xd0, 0x00, 0x00, 0x00, 0x00, 0x00, 0x00, 0x00, 0x00, 0x00, 0x00, 0x00, 0x00, 0x00, 0x00, 0x00, 0x00,
  0x00, 0x00, 0x00, 0x00, 0x00, 0x00, 0x00, 0x00, 0x00, 0x00, 0x00, 0x00, 0x00, 0x00, 0x00, 0x00, 0x00, 0x00, 0x00, 0x00, 0x3f, 0x30, 0x06, 0xe1,
  0x0b, 0xa0, 0x0d, 0x80, 0x03, 0xf3, 0x6e, 0x10, 0x00, 0xaa, 0xd7, 0x00, 0x00, 0x2f, 0xe0, 0x00, 0x00, 0x0c, 0x90, 0x00, 0x00, 0x0b, 0x80, 0x00,
  0x00, 0x0b, 0x80, 0x00, 0x00, 0x0b, 0x80, 0x00, 0x00, 0x00, 0x00, 0x00, 0x00, 0x00, 0x00, 0x00, 0x00, 0x00, 0x00, 0x00, 0x00, 0x00, 0x00, 0x00,
  0x00, 0x00, 0x00, 0x00, 0x00, 0x00, 0x00, 0x00, 0x00, 0x00, 0x00, 0x00, 0x00, 0x00, 0x00, 0x00, 0x00, 0x00, 0x00, 0x00, 0x2f, 0xff, 0xff, 0xf1,
  0x03, 0x33, 0x3c, 0xc0, 0x00, 0x00, 0x6e, 0x20, 0x00, 0x03, 0xe5, 0x00, 0x00, 0x0d, 0x90, 0x00, 0x00, 0xac, 0x00, 0x00, 0x06, 0xe2, 0x00, 0x00,
  0x2e, 0x93, 0x33, 0x30, 0x5f, 0xff, 0xff, 0xf2, 0x00, 0x00, 0x00, 0x00, 0x00, 0x00, 0x00, 0x00, 0x00, 0x00, 0x00, 0x00, 0x00, 0x00, 0x00, 0x00,
  0x00, 0x00, 0x00, 0x00, 0x00, 0x00, 0x00, 0x00, 0x00, 0x00, 0x00, 0x00, 0x00, 0x00, 0x00, 0x00, 0x04, 0xff, 0xff, 0x10, 0x04, 0xf3, 0x22, 0x00,
  0x04, 0xf0, 0x00, 0x00, 0x04, 0xf0, 0x00, 0x00, 0x04, 0xf0, 0x00, 0x00, 0x04, 0xf0, 0x00, 0x00, 0x04, 0xf0, 0x00, 0x00, 0x04, 0xf0, 0x00, 0x00,
  0x04, 0xf0, 0x00, 0x00, 0x04, 0xf0, 0x00, 0x00, 0x04, 0xff, 0xff, 0x10, 0x00, 0x22, 0x22, 0x00, 0x00, 0x00, 0x00, 0x00, 0x00, 0x00, 0x00, 0x00,
  0x00, 0x00, 0x00, 0x00, 0x00, 0x00, 0x00, 0x00, 0x00, 0x00, 0x00, 0x00, 0x00, 0x00, 0x00, 0x00, 0x07, 0xb0, 0x00, 0x00, 0x02, 0xe1, 0x00, 0x00,
  0x00, 0xc6, 0x00, 0x00, 0x00, 0x6c, 0x00, 0x00, 0x00, 0x1e, 0x20, 0x00, 0x00, 0x0a, 0x70, 0x00, 0x00, 0x05, 0xd0, 0x00, 0x00, 0x00, 0xe3, 0x00,
  0x00, 0x00, 0x98, 0x00, 0x00, 0x00, 0x4d, 0x00, 0x00, 0x00, 0x0d, 0x40, 0x00, 0x00, 0x00, 0x00, 0x00, 0x00, 0x00, 0x00, 0x00, 0x00, 0x00, 0x00,
  0x00, 0x00, 0x00, 0x00, 0x00, 0x00, 0x00, 0x00, 0x00, 0x00, 0x00, 0x00, 0x00, 0x00, 0x00, 0x00, 0x04, 0xff, 0xff, 0x10, 0x00, 0x22, 0x5f, 0x10,
  0x00, 0x00, 0x3f, 0x10, 0x00, 0x00, 0x3f, 0x10, 0x00, 0x00, 0x3f, 0x10, 0x00, 0x00, 0x3f, 0x10, 0x00, 0x00, 0x3f, 0x10, 0x00, 0x00, 0x3f, 0x10,
  0x00, 0x00, 0x3f, 0x10, 0x00, 0x00, 0x3f, 0x10, 0x04, 0xff, 0xff, 0x10, 0x00, 0x22, 0x22, 0x00, 0x00, 0x00, 0x00, 0x00, 0x00, 0x00, 0x00, 0x00,
  0x00, 0x00, 0x00, 0x00, 0x00, 0x00, 0x00, 0x00, 0x00, 0x00, 0x00, 0x00, 0x00, 0x00, 0x00, 0x00, 0x00, 0x07, 0x50, 0x00, 0x00, 0x3e, 0xe1, 0x00,
  0x00, 0x98, 0xb6, 0x00, 0x01, 0xe2, 0x5c, 0x00, 0x06, 0xb0, 0x0e, 0x30, 0x00, 0x00, 0x00, 0x00, 0x00, 0x00, 0x00, 0x00, 0x00, 0x00, 0x00, 0x00,
  0x00, 0x00, 0x00, 0x00, 0x00, 0x00, 0x00, 0x00, 0x00, 0x00, 0x00, 0x00, 0x00, 0x00, 0x00, 0x00, 0x00, 0x00, 0x00, 0x00, 0x00, 0x00, 0x00, 0x00,
  0x00, 0x00, 0x00, 0x00, 0x00, 0x00, 0x00, 0x00, 0x00, 0x00, 0x00, 0x00, 0x00, 0x00, 0x00, 0x00, 0x00, 0x00, 0x00, 0x00, 0x00, 0x00, 0x00, 0x00,
  0x00, 0x00, 0x00, 0x00, 0x00, 0x00, 0x00, 0x00, 0x00, 0x00, 0x00, 0x00, 0x00, 0x00, 0x00, 0x00, 0x00, 0x00, 0x00, 0x00, 0x00, 0x00, 0x00, 0x00,
  0x00, 0x00, 0x00, 0x00, 0x00, 0x00, 0x00, 0x00, 0x0f, 0xff, 0xff, 0xc0, 0x02, 0x22, 0x22, 0x20, 0x00, 0x00, 0x00, 0x00, 0x00, 0x00, 0x00, 0x00,
  0x00, 0x00, 0x00, 0x00, 0x00, 0x00, 0x00, 0x00, 0x00, 0x00, 0x00, 0x00, 0x00, 0x00, 0x00, 0x00, 0x00, 0x00, 0x00, 0x00, 0x00, 0x4e, 0x60, 0x00,
  0x00, 0x0c, 0xc0, 0x00, 0x00, 0x06, 0xf2, 0x00, 0x00, 0x00, 0x00, 0x00, 0x00, 0x00, 0x00, 0x00, 0x00, 0x00, 0x00, 0x00, 0x00, 0x00, 0x00, 0x00,
  0x00, 0x00, 0x00, 0x00, 0x00, 0x00, 0x00, 0x00, 0x00, 0x00, 0x00, 0x00, 0x00, 0x00, 0x00, 0x00, 0x00, 0x00, 0x00, 0x00, 0x00, 0x00, 0x00, 0x00,
  0x00, 0x00, 0x00, 0x00, 0x00, 0x00, 0x00, 0x00, 0x00, 0x00, 0x00, 0x00, 0x00, 0x00, 0x00, 0x00, 0x00, 0x00, 0x00, 0x00, 0x00, 0x00, 0x00, 0x00,
  0x00, 0x00, 0x00, 0x00, 0x02, 0xbe, 0xc5, 0x00, 0x0d, 0xa3, 0x7e, 0x20, 0x03, 0x00, 0x1e, 0x50, 0x04, 0xad, 0xce, 0x50, 0x2e, 0x50, 0x0e, 0x50,
  0x4f, 0x63, 0x9e, 0x80, 0x08, 0xdd, 0x77, 0xe2, 0x00, 0x00, 0x00, 0x00, 0x00, 0x00, 0x00, 0x00, 0x00, 0x00, 0x00, 0x00, 0x00, 0x00, 0x00, 0x00,
  0x00, 0x00, 0x00, 0x00, 0x00, 0x00, 0x00, 0x00, 0x00, 0x00, 0x00, 0x00, 0x00, 0x00, 0x00, 0x00, 0x00, 0x00, 0x00, 0x00, 0x0e, 0x50, 0x00, 0x00,
  0x0e, 0x50, 0x00, 0x00, 0x0e, 0x7b, 0xeb, 0x20, 0x0e, 0xe6, 0x4b, 0xc0, 0x0e, 0x80, 0x03, 0xf2, 0x0e, 0x60, 0x01, 0xf4, 0x0e, 0x80, 0x03, 0xf2,
  0x0e, 0xe6, 0x4b, 0xc0, 0x0e, 0x6c, 0xeb, 0x20, 0x00, 0x00, 0x00, 0x00, 0x00, 0x00, 0x00, 0x00, 0x00, 0x00, 0x00, 0x00, 0x00, 0x00, 0x00, 0x00,
  0x00, 0x00, 0x00, 0x00, 0x00, 0x00, 0x00, 0x00, 0x00, 0x00, 0x00, 0x00, 0x00, 0x00, 0x00, 0x00, 0x00, 0x00, 0x00, 0x00, 0x00, 0x00, 0x00, 0x00,
  0x00, 0x00, 0x00, 0x00, 0x00, 0x8d, 0xe9, 0x00, 0x09, 0xd5, 0x4c, 0xa0, 0x0e, 0x50, 0x02, 0x60, 0x2f, 0x30, 0x00, 0x00, 0x0e, 0x50, 0x03, 0x80,
  0x09, 0xd5, 0x4c, 0x90, 0x00, 0x8e, 0xe9, 0x00, 0x00, 0x00, 0x00, 0x00, 0x00, 0x00, 0x00, 0x00, 0x00, 0x00, 0x00, 0x00, 0x00, 0x00, 0x00, 0x00,
  0x00, 0x00, 0x00, 0x00, 0x00, 0x00, 0x00, 0x00, 0x00, 0x00, 0x00, 0x00, 0x00, 0x00, 0x00, 0x00, 0x00, 0x00, 0x00, 0x00, 0x00, 0x00, 0x08, 0xb0,
  0x00, 0x00, 0x08, 0xb0, 0x03, 0xce, 0xa9, 0xb0, 0x1e, 0x93, 0x7e, 0xb0, 0x5e, 0x00, 0x0b, 0xb0, 0x7d, 0x00, 0x09, 0xb0, 0x5e, 0x00, 0x0b, 0xb0,
  0x1e, 0x93, 0x7e, 0xb0, 0x03, 0xce, 0xa8, 0xb0, 0x00, 0x00, 0x00, 0x00, 0x00, 0x00, 0x00, 0x00, 0x00, 0x00, 0x00, 0x00, 0x00, 0x00, 0x00, 0x00,
  0x00, 0x00, 0x00, 0x00, 0x00, 0x00, 0x00, 0x00, 0x00, 0x00, 0x00, 0x00, 0x00, 0x00, 0x00, 0x00, 0x00, 0x00, 0x00, 0x00, 0x00, 0x00, 0x00, 0x00,
  0x00, 0x00, 0x00, 0x00, 0x01, 0x9e, 0xd7, 0x00, 0x0b, 0xc4, 0x5d, 0x70, 0x1f, 0x40, 0x07, 0xd0, 0x3f, 0xff, 0xff, 0xe0, 0x1f, 0x52, 0x22, 0x30,
  0x0a, 0xb4, 0x4c, 0x90, 0x01, 0x9e, 0xd9, 0x00, 0x00, 0x00, 0x00, 0x00, 0x00, 0x00, 0x00, 0x00, 0x00, 0x00, 0x00, 0x00, 0x00, 0x00, 0x00, 0x00,
  0x00, 0x00, 0x00, 0x00, 0x00, 0x00, 0x00, 0x00, 0x00, 0x00, 0x00, 0x00, 0x00, 0x00, 0x00, 0x00, 0x00, 0x00, 0x00, 0x00, 0x00, 0x0a, 0xef, 0xd0,
  0x00, 0x3f, 0x43, 0x20, 0x1f, 0xff, 0xff, 0xc0, 0x03, 0x6f, 0x33, 0x20, 0x00, 0x4f, 0x00, 0x00, 0x00, 0x4f, 0x00, 0x00, 0x00, 0x4f, 0x00, 0x00,
  0x00, 0x4f, 0x00, 0x00, 0x00, 0x4f, 0x00, 0x00, 0x00, 0x00, 0x00, 0x00, 0x00, 0x00, 0x00, 0x00, 0x00, 0x00, 0x00, 0x00, 0x00, 0x00, 0x00, 0x00,
  0x00, 0x00, 0x00, 0x00, 0x00, 0x00, 0x00, 0x00, 0x00, 0x00, 0x00, 0x00, 0x00, 0x00, 0x00, 0x00, 0x00, 0x00, 0x00, 0x00, 0x00, 0x00, 0x00, 0x00,
  0x00, 0x00, 0x00, 0x00, 0x02, 0xbe, 0xc7, 0xe0, 0x0d, 0xb4, 0x5d, 0xe0, 0x3f, 0x20, 0x06, 0xe0, 0x3f, 0x20, 0x06, 0xe0, 0x0e, 0x91, 0x2c, 0xe0,
  0x04, 0xdf, 0xe9, 0xe0, 0x04, 0x22, 0x06, 0xd0, 0x0b, 0xb3, 0x4d, 0x90, 0x01, 0xae, 0xd9, 0x10, 0x00, 0x00, 0x00, 0x00, 0x00, 0x00, 0x00, 0x00,
  0x00, 0x00, 0x00, 0x00, 0x00, 0x00, 0x00, 0x00, 0x00, 0x00, 0x00, 0x00, 0x00, 0x00, 0x00, 0x00, 0x00, 0x00, 0x00, 0x00, 0x0c, 0x70, 0x00, 0x00,
  0x0c, 0x70, 0x00, 0x00, 0x0c, 0x8b, 0xeb, 0x10, 0x0c, 0xe5, 0x4d, 0x80, 0x0c, 0x90, 0x08, 0xb0, 0x0c, 0x70, 0x07, 0xc0, 0x0c, 0x70, 0x07, 0xc0,
  0x0c, 0x70, 0x07, 0xc0, 0x0c, 0x70, 0x07, 0xc0, 0x00, 0x00, 0x00, 0x00, 0x00, 0x00, 0x00, 0x00, 0x00, 0x00, 0x00, 0x00, 0x00, 0x00, 0x00, 0x00,
  0x00, 0x00, 0x00, 0x00, 0x00, 0x00, 0x00, 0x00, 0x00, 0x00, 0x00, 0x00, 0x00, 0x00, 0x00, 0x00, 0x00, 0x00, 0x00, 0x00, 0x00, 0x05, 0xe0, 0x00,
  0x00, 0x01, 0x20, 0x00, 0x0d, 0xff, 0xf0, 0x00, 0x02, 0x36, 0xf0, 0x00, 0x00, 0x04, 0xf0, 0x00, 0x00, 0x04, 0xf0, 0x00, 0x00, 0x04, 0xf0, 0x00,
  0x03, 0x36, 0xf3, 0x31, 0x0f, 0xff, 0xff, 0xf4, 0x00, 0x00, 0x00, 0x00, 0x00, 0x00, 0x00, 0x00, 0x00, 0x00, 0x00, 0x00, 0x00, 0x00, 0x00, 0x00,
  0x00, 0x00, 0x00, 0x00, 0x00, 0x00, 0x00, 0x00, 0x00, 0x00, 0x00, 0x00, 0x00, 0x00, 0x00, 0x00, 0x00, 0x00, 0x00, 0x00, 0x00, 0x00, 0x7c, 0x00,
  0x00, 0x00, 0x12, 0x00, 0x07, 0xff, 0xfc, 0x00, 0x01, 0x33, 0x8c, 0x00, 0x00, 0x00, 0x7c, 0x00, 0x00, 0x00, 0x7c, 0x00, 0x00, 0x00, 0x7c, 0x00,
  0x00, 0x00, 0x7c, 0x00, 0x00, 0x00, 0x7c, 0x00, 0x01, 0x33, 0xbb, 0x00, 0x09, 0xfe, 0xc3, 0x00, 0x00, 0x00, 0x00, 0x00, 0x00, 0x00, 0x00, 0x00,
  0x00, 0x00, 0x00, 0x00, 0x00, 0x00, 0x00, 0x00, 0x00, 0x00, 0x00, 0x00, 0x00, 0x00, 0x00, 0x00, 0x00, 0x00, 0x00, 0x00, 0x0e, 0x50, 0x00, 0x00,
  0x0e, 0x50, 0x00, 0x00, 0x0e, 0x50, 0x1d, 0xa0, 0x0e, 0x50, 0xcb, 0x00, 0x0e, 0x5a, 0xc0, 0x00, 0x0e, 0xde, 0xb0, 0x00, 0x0e, 0xd3, 0xd7, 0x00,
  0x0e, 0x50, 0x4e, 0x30, 0x0e, 0x50, 0x09, 0xd0, 0x00, 0x00, 0x00, 0x00, 0x00, 0x00, 0x00, 0x00, 0x00, 0x00, 0x00, 0x00, 0x00, 0x00, 0x00, 0x00,
  0x00, 0x00, 0x00, 0x00, 0x00, 0x00, 0x00, 0x00, 0x00, 0x00, 0x00, 0x00, 0x00, 0x00, 0x00, 0x00, 0x00, 0x00, 0x00, 0x00, 0x0f, 0xec, 0x30, 0x00,
  0x03, 0x3c, 0xa0, 0x00, 0x00, 0x08, 0xb0, 0x00, 0x00, 0x08, 0xb0, 0x00, 0x00, 0x08, 0xb0, 0x00, 0x00, 0x08, 0xb0, 0x00, 0x00, 0x08, 0xb0, 0x00,
  0x03, 0x39, 0xc3, 0x30, 0x4f, 0xff, 0xff, 0xf1, 0x00, 0x00, 0x00, 0x00, 0x00, 0x00, 0x00, 0x00, 0x00, 0x00, 0x00, 0x00, 0x00, 0x00, 0x00, 0x00,
  0x00, 0x00, 0x00, 0x00, 0x00, 0x00, 0x00, 0x00, 0x00, 0x00, 0x00, 0x00, 0x00, 0x00, 0x00, 0x00, 0x00, 0x00, 0x00, 0x00, 0x00, 0x00, 0x00, 0x00,
  0x00, 0x00, 0x00, 0x00, 0x8a, 0xcc, 0x4d, 0xb0, 0x8e, 0x4d, 0xb5, 0xf3, 0x8b, 0x0b, 0x80, 0xe4, 0x8b, 0x0a, 0x80, 0xe4, 0x8b, 0x0a, 0x80, 0xe4,
  0x8b, 0x0a, 0x80, 0xe4, 0x8b, 0x0a, 0x80, 0xe4, 0x00, 0x00, 0x00, 0x00, 0x00, 0x00, 0x00, 0x00, 0x00, 0x00, 0x00, 0x00, 0x00, 0x00, 0x00, 0x00,
  0x00, 0x00, 0x00, 0x00, 0x00, 0x00, 0x00, 0x00, 0x00, 0x00, 0x00, 0x00, 0x00, 0x00, 0x00, 0x00, 0x00, 0x00, 0x00, 0x00, 0x00, 0x00, 0x00, 0x00,
  0x00, 0x00, 0x00, 0x00, 0x0e, 0x6b, 0xea, 0x00, 0x0e, 0xc5, 0x4d, 0x80, 0x0e, 0x60, 0x09, 0xb0, 0x0e, 0x50, 0x08, 0xb0, 0x0e, 0x50, 0x08, 0xb0,
  0x0e, 0x50, 0x08, 0xb0, 0x0e, 0x50, 0x08, 0xb0, 0x00, 0x00, 0x00, 0x00, 0x00, 0x00, 0x00, 0x00, 0x00, 0x00, 0x00, 0x00, 0x00, 0x00, 0x00, 0x00,
  0x00, 0x00, 0x00, 0x00, 0x00, 0x00, 0x00, 0x00, 0x00, 0x00, 0x00, 0x00, 0x00, 0x00, 0x00, 0x00, 0x00, 0x00, 0x00, 0x00, 0x00, 0x00, 0x00, 0x00,
  0x00, 0x00, 0x00, 0x00, 0x01, 0xae, 0xd8, 0x00, 0x0b, 0xc4, 0x5d, 0x80, 0x2f, 0x30, 0x06, 0xe0, 0x4f, 0x10, 0x04, 0xf1, 0x2f, 0x30, 0x06, 0xe0,
  0x0b, 0xc4, 0x5d, 0x80, 0x01, 0xae, 0xd8, 0x00, 0x00, 0x00, 0x00, 0x00, 0x00, 0x00, 0x00, 0x00, 0x00, 0x00, 0x00, 0x00, 0x00, 0x00, 0x00, 0x00,
  0x00, 0x00, 0x00, 0x00, 0x00, 0x00, 0x00, 0x00, 0x00, 0x00, 0x00, 0x00, 0x00, 0x00, 0x00, 0x00, 0x00, 0x00, 0x00, 0x00, 0x00, 0x00, 0x00, 0x00,
  0x00, 0x00, 0x00, 0x00, 0x0f, 0x5c, 0xea, 0x10, 0x0f, 0xd5, 0x4d, 0xb0, 0x0f, 0x60, 0x05, 0xf1, 0x0f, 0x40, 0x03, 0xf2, 0x0f, 0x60, 0x05, 0xf1,
  0x0f, 0xd5, 0x4d, 0xb0, 0x0f, 0x7c, 0xea, 0x10, 0x0f, 0x30, 0x00, 0x00, 0x0f, 0x30, 0x00, 0x00, 0x00, 0x00, 0x00, 0x00, 0x00, 0x00, 0x00, 0x00,
  0x00, 0x00, 0x00, 0x00, 0x00, 0x00, 0x00, 0x00, 0x00, 0x00, 0x00, 0x00, 0x00, 0x00, 0x00, 0x00, 0x00, 0x00, 0x00, 0x00, 0x00, 0x00, 0x00, 0x00,
  0x00, 0x00, 0x00, 0x00, 0x03, 0xce, 0xb7, 0xc0, 0x0d, 0xb3, 0x6e, 0xc0, 0x4f, 0x20, 0x09, 0xc0, 0x5e, 0x00, 0x07, 0xc0, 0x4f, 0x20, 0x09, 0xc0,
  0x0d, 0xb3, 0x6e, 0xc0, 0x03, 0xce, 0xb9, 0xc0, 0x00, 0x00, 0x06, 0xc0, 0x00, 0x00, 0x06, 0xc0, 0x00, 0x00, 0x00, 0x00, 0x00, 0x00, 0x00, 0x00,
  0x00, 0x00, 0x00, 0x00, 0x00, 0x00, 0x00, 0x00, 0x00, 0x00, 0x00, 0x00, 0x00, 0x00, 0x00, 0x00, 0x00, 0x00, 0x00, 0x00, 0x00, 0x00, 0x00, 0x00,
  0x00, 0x00, 0x00, 0x00, 0x0d, 0xfd, 0x7e, 0xf1, 0x02, 0x4e, 0xa3, 0x30, 0x00, 0x2f, 0x30, 0x00, 0x00, 0x2f, 0x20, 0x00, 0x00, 0x2f, 0x20, 0x00,
  0x02, 0x4f, 0x43, 0x00, 0x0d, 0xff, 0xff, 0x40, 0x00, 0x00, 0x00, 0x00, 0x00, 0x00, 0x00, 0x00, 0x00, 0x00, 0x00, 0x00, 0x00, 0x00, 0x00, 0x00,
  0x00, 0x00, 0x00, 0x00, 0x00, 0x00, 0x00, 0x00, 0x00, 0x00, 0x00, 0x00, 0x00, 0x00, 0x00, 0x00, 0x00, 0x00, 0x00, 0x00, 0x00, 0x00, 0x00, 0x00,
  0x00, 0x00, 0x00, 0x00, 0x02, 0xbe, 0xd8, 0x00, 0x0b, 0xb3, 0x5e, 0x60, 0x0b, 0xa0, 0x02, 0x20, 0x02, 0xbe, 0xc8, 0x10, 0x04, 0x10, 0x3c, 0xa0,
  0x0b, 0xb4, 0x3b, 0xa0, 0x01, 0xae, 0xea, 0x20, 0x00, 0x00, 0x00, 0x00, 0x00, 0x00, 0x00, 0x00, 0x00, 0x00, 0x00, 0x00, 0x00, 0x00, 0x00, 0x00,
  0x00, 0x00, 0x00, 0x00, 0x00, 0x00, 0x00, 0x00, 0x00, 0x00, 0x00, 0x00, 0x00, 0x00, 0x00, 0x00, 0x00, 0x00, 0x00, 0x00, 0x00, 0x17, 0x00, 0x00,
  0x00, 0x2f, 0x10, 0x00, 0x5f, 0xff, 0xff, 0xc0, 0x01, 0x4f, 0x31, 0x10, 0x00, 0x2f, 0x10, 0x00, 0x00, 0x2f, 0x10, 0x00, 0x00, 0x2f, 0x10, 0x00,
  0x00, 0x1f, 0x61, 0x10, 0x00, 0x08, 0xef, 0xc0, 0x00, 0x00, 0x00, 0x00, 0x00, 0x00, 0x00, 0x00, 0x00, 0x00, 0x00, 0x00, 0x00, 0x00, 0x00, 0x00,
  0x00, 0x00, 0x00, 0x00, 0x00, 0x00, 0x00, 0x00, 0x00, 0x00, 0x00, 0x00, 0x00, 0x00, 0x00, 0x00, 0x00, 0x00, 0x00, 0x00, 0x00, 0x00, 0x00, 0x00,
  0x00, 0x00, 0x00, 0x00, 0x0d, 0x60, 0x0a, 0x90, 0x0d, 0x60, 0x0a, 0x90, 0x0d, 0x60, 0x0a, 0x90, 0x0d, 0x60, 0x0a, 0x90, 0x0d, 0x60, 0x0b, 0x90,
  0x0a, 0xc2, 0x5e, 0x90, 0x02, 0xce, 0xa9, 0x90, 0x00, 0x00, 0x00, 0x00, 0x00, 0x00, 0x00, 0x00, 0x00, 0x00, 0x00, 0x00, 0x00, 0x00, 0x00, 0x00,
  0x00, 0x00, 0x00, 0x00, 0x00, 0x00, 0x00, 0x00, 0x00, 0x00, 0x00, 0x00, 0x00, 0x00, 0x00, 0x00, 0x00, 0x00, 0x00, 0x00, 0x00, 0x00, 0x00, 0x00,
  0x00, 0x00, 0x00, 0x00, 0x3f, 0x20, 0x05, 0xe0, 0x0d, 0x70, 0x0a, 0xa0, 0x08, 0xc0, 0x1e, 0x40, 0x02, 0xf2, 0x5e, 0x00, 0x00, 0xc8, 0xa9, 0x00,
  0x00, 0x6d, 0xe3, 0x00, 0x00, 0x1e, 0xd0, 0x00, 0x00, 0x00, 0x00, 0x00, 0x00, 0x00, 0x00, 0x00, 0x00, 0x00, 0x00, 0x00, 0x00, 0x00, 0x00, 0x00,
  0x00, 0x00, 0x00, 0x00, 0x00, 0x00, 0x00, 0x00, 0x00, 0x00, 0x00, 0x00, 0x00, 0x00, 0x00, 0x00, 0x00, 0x00, 0x00, 0x00, 0x00, 0x00, 0x00, 0x00,
  0x00, 0x00, 0x00, 0x00, 0xaa, 0x00, 0x00, 0xd7, 0x7c, 0x0b, 0x80, 0xe4, 0x4e, 0x0e, 0xb2, 0xf1, 0x1f, 0x4b, 0xd5, 0xd0, 0x0d, 0xa8, 0xba, 0xa0,
  0x0a, 0xe5, 0x8e, 0x70, 0x07, 0xf2, 0x5f, 0x40, 0x00, 0x00, 0x00, 0x00, 0x00, 0x00, 0x00, 0x00, 0x00, 0x00, 0x00, 0x00, 0x00, 0x00, 0x00, 0x00,
  0x00, 0x00, 0x00, 0x00, 0x00, 0x00, 0x00, 0x00, 0x00, 0x00, 0x00, 0x00, 0x00, 0x00, 0x00, 0x00, 0x00, 0x00, 0x00, 0x00, 0x00, 0x00, 0x00, 0x00,
  0x00, 0x00, 0x00, 0x00, 0x0d, 0x80, 0x0b, 0xa0, 0x03, 0xe3, 0x6e, 0x10, 0x00, 0x7c, 0xe5, 0x00, 0x00, 0x1e, 0xc0, 0x00, 0x00, 0x9b, 0xd6, 0x00,
  0x04, 0xe2, 0x4e, 0x20, 0x1d, 0x60, 0x09, 0xc0, 0x00, 0x00, 0x00, 0x00, 0x00, 0x00, 0x00, 0x00, 0x00, 0x00, 0x00, 0x00, 0x00, 0x00, 0x00, 0x00,
  0x00, 0x00, 0x00, 0x00, 0x00, 0x00, 0x00, 0x00, 0x00, 0x00, 0x00, 0x00, 0x00, 0x00, 0x00, 0x00, 0x00, 0x00, 0x00, 0x00, 0x00, 0x00, 0x00, 0x00,
  0x00, 0x00, 0x00, 0x00, 0x3f, 0x20, 0x05, 0xe0, 0x0c, 0x70, 0x0a, 0xa0, 0x07, 0xc0, 0x0e, 0x40, 0x02, 0xf3, 0x4e, 0x00, 0x00, 0xb8, 0x99, 0x00,
  0x00, 0x6d, 0xe4, 0x00, 0x00, 0x1e, 0xd0, 0x00, 0x00, 0x1a, 0x80, 0x00, 0x04, 0xec, 0x10, 0x00, 0x00, 0x00, 0x00, 0x00, 0x00, 0x00, 0x00, 0x00,
  0x00, 0x00, 0x00, 0x00, 0x00, 0x00, 0x00, 0x00, 0x00, 0x00, 0x00, 0x00, 0x00, 0x00, 0x00, 0x00, 0x00, 0x00, 0x00, 0x00, 0x00, 0x00, 0x00, 0x00,
  0x00, 0x00, 0x00, 0x00, 0x0c, 0xff, 0xff, 0xa0, 0x02, 0x33, 0x5e, 0x70, 0x00, 0x01, 0xd9, 0x00, 0x00, 0x1c, 0x90, 0x00, 0x01, 0xca, 0x00, 0x00,
  0x0b, 0xc3, 0x33, 0x20, 0x0e, 0xff, 0xff, 0xb0, 0x00, 0x00, 0x00, 0x00, 0x00, 0x00, 0x00, 0x00, 0x00, 0x00, 0x00, 0x00, 0x00, 0x00, 0x00, 0x00,
  0x00, 0x00, 0x00, 0x00, 0x00, 0x00, 0x00, 0x00, 0x00, 0x00, 0x00, 0x00, 0x00, 0x00, 0x00, 0x00, 0x00, 0x04, 0xdf, 0x50, 0x00, 0x0c, 0x92, 0x10,
  0x00, 0x0e, 0x40, 0x00, 0x00, 0x0e, 0x40, 0x00, 0x00, 0x4e, 0x10, 0x00, 0x08, 0xd4, 0x00, 0x00, 0x01, 0x7d, 0x00, 0x00, 0x00, 0x0e, 0x30, 0x00,
  0x00, 0x0e, 0x40, 0x00, 0x00, 0x0d, 0x70, 0x00, 0x00, 0x06, 0xef, 0x50, 0x00, 0x00, 0x12, 0x10, 0x00, 0x00, 0x00, 0x00, 0x00, 0x00, 0x00, 0x00,
  0x00, 0x00, 0x00, 0x00, 0x00, 0x00, 0x00, 0x00, 0x00, 0x00, 0x00, 0x00, 0x00, 0x00, 0x00, 0x00, 0x00, 0x0a, 0x80, 0x00, 0x00, 0x0a, 0x80, 0x00,
  0x00, 0x0a, 0x80, 0x00, 0x00, 0x0a, 0x80, 0x00, 0x00, 0x0a, 0x80, 0x00, 0x00, 0x0a, 0x80, 0x00, 0x00, 0x0a, 0x80, 0x00, 0x00, 0x0a, 0x80, 0x00,
  0x00, 0x0a, 0x80, 0x00, 0x00, 0x0a, 0x80, 0x00, 0x00, 0x0a, 0x80, 0x00, 0x00, 0x00, 0x00, 0x00, 0x00, 0x00, 0x00, 0x00, 0x00, 0x00, 0x00, 0x00,
  0x00, 0x00, 0x00, 0x00, 0x00, 0x00, 0x00, 0x00, 0x00, 0x00, 0x00, 0x00, 0x00, 0x00, 0x00, 0x00, 0x08, 0xec, 0x20, 0x00, 0x01, 0x3b, 0x90, 0x00,
  0x00, 0x07, 0xb0, 0x00, 0x00, 0x07, 0xb0, 0x00, 0x00, 0x03, 0xe2, 0x00, 0x00, 0x00, 0x6e, 0x50, 0x00, 0x03, 0xe5, 0x10, 0x00, 0x06, 0xc0, 0x00,
  0x00, 0x07, 0xb0, 0x00, 0x00, 0x0a, 0xa0, 0x00, 0x08, 0xfe, 0x30, 0x00, 0x01, 0x20, 0x00, 0x00, 0x00, 0x00, 0x00, 0x00, 0x00, 0x00, 0x00, 0x00,
  0x00, 0x00, 0x00, 0x00, 0x00, 0x00, 0x00, 0x00, 0x00, 0x00, 0x00, 0x00, 0x00, 0x00, 0x00, 0x00, 0x00, 0x00, 0x00, 0x00, 0x00, 0x00, 0x00, 0x00,
  0x00, 0x00, 0x00, 0x00, 0x00, 0x00, 0x00, 0x00, 0x00, 0x00, 0x00, 0x00, 0x04, 0xdb, 0x27, 0xa0, 0x0d, 0x55, 0xee, 0x40, 0x02, 0x00, 0x00, 0x00,
  0x00, 0x00, 0x00, 0x00, 0x00, 0x00, 0x00, 0x00, 0x00, 0x00, 0x00, 0x00, 0x00, 0x00, 0x00, 0x00, 0x00, 0x00, 0x00, 0x00, 0x00, 0x00, 0x00, 0x00,
  0x00, 0x00, 0x00, 0x00, 0x00, 0x00, 0x00, 0x00, 0x00, 0x00, 0x00, 0x00, 0x00, 0x00, 0x00, 0x00, 0x00, 0x00, 0x00, 0x00, 0x00, 0x00, 0x00, 0x00,
  0x00, 0x00, 0x00, 0x00, 0x00, 0x00, 0x00, 0x00, 0x00, 0x00, 0x00, 0x00, 0x00, 0x03, 0x20, 0x00, 0x00, 0x0e, 0xb0, 0x00, 0x00, 0x00, 0x00, 0x00,
  0x00, 0x00, 0x00, 0x00, 0x00, 0x00, 0x00, 0x00, 0x00, 0x00, 0x00, 0x00, 0x00, 0x00, 0x00, 0x00, 0x00, 0x00, 0x00, 0x00, 0x00, 0x00, 0x00, 0x00,
};
constexpr Font kFontSmall = {8, 18, 14, 96, kFontSmallData};

// GeistMono-SemiBold.ttf at 22 px: 13x30 cells, baseline 23, 96 glyphs.
static const uint8_t kFontLargeData[20160] = {
  0x00, 0x00, 0x00, 0x00, 0x00, 0x00, 0x00, 0x00, 0x00, 0x00, 0x00, 0x00, 0x00, 0x00, 0x00, 0x00, 0x00, 0x00, 0x00, 0x00, 0x00, 0x00, 0x00, 0x00,
  0x00, 0x00, 0x00, 0x00, 0x00, 0x00, 0x00, 0x00, 0x00, 0x00, 0x00, 0x00, 0x00, 0x00, 0x00, 0x00, 0x00, 0x00, 0x00, 0x00, 0x00, 0x00, 0x00, 0x00,
  0x00, 0x00, 0x00, 0x00, 0x00, 0x00, 0x00, 0x00, 0x00, 0x00, 0x00, 0x00, 0x00, 0x00, 0x00, 0x00, 0x00, 0x00, 0x00, 0x00, 0x00, 0x00, 0x00, 0x00,
  0x00, 0x00, 0x00, 0x00, 0x00, 0x00, 0x00, 0x00, 0x00, 0x00, 0x00, 0x00, 0x00, 0x00, 0x00, 0x00, 0x00, 0x00, 0x00, 0x00, 0x00, 0x00, 0x00, 0x00,
  0x00, 0x00, 0x00, 0x00, 0x00, 0x00, 0x00, 0x00, 0x00, 0x00, 0x00, 0x00, 0x00, 0x00, 0x00, 0x00, 0x00, 0x00, 0x00, 0x00, 0x00, 0x00, 0x00, 0x00,
  0x00, 0x00, 0x00, 0x00, 0x00, 0x00, 0x00, 0x00, 0x00, 0x00, 0x00, 0x00, 0x00, 0x00, 0x00, 0x00, 0x00, 0x00, 0x00, 0x00, 0x00, 0x00, 0x00, 0x00,
  0x00, 0x00, 0x00, 0x00, 0x00, 0x00, 0x00, 0x00, 0x00, 0x00, 0x00, 0x00, 0x00, 0x00, 0x00, 0x00, 0x00, 0x00, 0x00, 0x00, 0x00, 0x00, 0x00, 0x00,
  0x00, 0x00, 0x00, 0x00, 0x00, 0x00, 0x00, 0x00, 0x00, 0x00, 0x00, 0x00, 0x00, 0x00, 0x00, 0x00, 0x00, 0x00, 0x00, 0x00, 0x00, 0x00, 0x00, 0x00,
  0x00, 0x00, 0x00, 0x00, 0x00, 0x00, 0x00, 0x00, 0x00, 0x00, 0x00, 0x00, 0x00, 0x00, 0x00, 0x00, 0x00, 0x00, 0x00, 0x00, 0x00, 0x00, 0x00, 0x00,
  0x00, 0x00, 0x00, 0x00, 0x00, 0x00, 0x00, 0x00, 0x00, 0x00, 0x00, 0x00, 0x00, 0x00, 0x00, 0x00, 0x00, 0x00, 0x00, 0x00, 0x00, 0x00, 0x00, 0x00,
  0x00, 0x00, 0x00, 0x00, 0x00, 0x00, 0x00, 0x00, 0x00, 0x00, 0x00, 0x00, 0x00, 0x00, 0x00, 0x00, 0x00, 0x00, 0x00, 0x00, 0x00, 0x0a, 0xfd, 0x00,
  0x00, 0x00, 0x00, 0x00, 0x0a, 0xfd, 0x00, 0x00, 0x00, 0x00, 0x00, 0x0a, 0xfd, 0x00, 0x00, 0x00, 0x00, 0x00, 0x0a, 0xfd, 0x00, 0x00, 0x00, 0x00,
  0x00, 0x0a, 0xfd, 0x00, 0x00, 0x00, 0x00, 0x00, 0x0a, 0xfd, 0x00, 0x00, 0x00, 0x00, 0x00, 0x09, 0xfc, 0x00, 0x00, 0x00, 0x00, 0x00, 0x09, 0xfb,
  0x00, 0x00, 0x00, 0x00, 0x00, 0x07, 0xfa, 0x00, 0x00, 0x00, 0x00, 0x00, 0x06, 0xf9, 0x00, 0x00, 0x00, 0x00, 0x00, 0x05, 0xf8, 0x00, 0x00, 0x00,
  0x00, 0x00, 0x00, 0x00, 0x00, 0x00, 0x00, 0x00, 0x00, 0x00, 0x00, 0x00, 0x00, 0x00, 0x00, 0x00, 0x0f, 0xff, 0x30, 0x00, 0x00, 0x00, 0x00, 0x0f,
  0xff, 0x30, 0x00, 0x00, 0x00, 0x00, 0x0f, 0xff, 0x30, 0x00, 0x00, 0x00, 0x00, 0x00, 0x00, 0x00, 0x00, 0x00, 0x00, 0x00, 0x00, 0x00, 0x00, 0x00,
  0x00, 0x00, 0x00, 0x00, 0x00, 0x00, 0x00, 0x00, 0x00, 0x00, 0x00, 0x00, 0x00, 0x00, 0x00, 0x00, 0x00, 0x00, 0x00, 0x00, 0x00, 0x00, 0x00, 0x00,
  0x00, 0x00, 0x00, 0x00, 0x00, 0x00, 0x00, 0x00, 0x00, 0x00, 0x00, 0x00, 0x00, 0x00, 0x00, 0x00, 0x00, 0x00, 0x00, 0x00, 0x00, 0x00, 0x00, 0x00,
  0x00, 0x00, 0x00, 0x00, 0x00, 0x00, 0x00, 0x00, 0x00, 0x00, 0x00, 0x00, 0x00, 0x00, 0x00, 0x00, 0x00, 0x00, 0x00, 0x00, 0x00, 0x00, 0x00, 0x00,
  0x00, 0x00, 0x00, 0x00, 0x00, 0x00, 0x00, 0x00, 0x00, 0x00, 0x00, 0x00, 0x00, 0x00, 0x0c, 0xfa, 0x07, 0xff, 0x00, 0x00, 0x00, 0x0c, 0xfa, 0x07,
  0xff, 0x00, 0x00, 0x00, 0x0c, 0xfa, 0x07, 0xff, 0x00, 0x00, 0x00, 0x0b, 0xfa, 0x07, 0xfe, 0x00, 0x00, 0x00, 0x0a, 0xf9, 0x07, 0xfc, 0x00, 0x00,
  0x00, 0x08, 0xf9, 0x07, 0xfb, 0x00, 0x00, 0x00, 0x07, 0xf9, 0x06, 0xfa, 0x00, 0x00, 0x00, 0x05, 0xf9, 0x06, 0xf8, 0x00, 0x00, 0x00, 0x00, 0x00,
  0x00, 0x00, 0x00, 0x00, 0x00, 0x00, 0x00, 0x00, 0x00, 0x00, 0x00, 0x00, 0x00, 0x00, 0x00, 0x00, 0x00, 0x00, 0x00, 0x00, 0x00, 0x00, 0x00, 0x00,
  0x00, 0x00, 0x00, 0x00, 0x00, 0x00, 0x00, 0x00, 0x00, 0x00, 0x00, 0x00, 0x00, 0x00, 0x00, 0x00, 0x00, 0x00, 0x00, 0x00, 0x00, 0x00, 0x00, 0x00,
  0x00, 0x00, 0x00, 0x00, 0x00, 0x00, 0x00, 0x00, 0x00, 0x00, 0x00, 0x00, 0x00, 0x00, 0x00, 0x00, 0x00, 0x00, 0x00, 0x00, 0x00, 0x00, 0x00, 0x00,
  0x00, 0x00, 0x00, 0x00, 0x00, 0x00, 0x00, 0x00, 0x00, 0x00, 0x00, 0x00, 0x00, 0x00, 0x00, 0x00, 0x00, 0x00, 0x00, 0x00, 0x00, 0x00, 0x00, 0x00,
  0x00, 0x00, 0x00, 0x00, 0x00, 0x00, 0x00, 0x00, 0x00, 0x00, 0x00, 0x00, 0x00, 0x00, 0x00, 0x00, 0x00, 0x00, 0x00, 0x00, 0x00, 0x00, 0x00, 0x00,
  0x00, 0x00, 0x00, 0x00, 0x00, 0x00, 0x00, 0x00, 0x00, 0x00, 0x00, 0x00, 0x00, 0x00, 0x00, 0x00, 0x00, 0x00, 0x00, 0x00, 0x00, 0x00, 0x00, 0x00,
  0x00, 0x00, 0x00, 0x00, 0x00, 0x00, 0x00, 0x00, 0x00, 0x6f, 0x90, 0x0e, 0xf3, 0x00, 0x00, 0x00, 0x9f, 0x70, 0x1f, 0xe0, 0x00, 0x00, 0x00, 0xcf,
  0x40, 0x4f, 0xc0, 0x00, 0x00, 0x00, 0xef, 0x20, 0x7f, 0xa0, 0x00, 0x00, 0xff, 0xff, 0xff, 0xff, 0xff, 0x40, 0x02, 0xff, 0xff, 0xff, 0xff, 0xff,
  0x20, 0x01, 0x49, 0xfb, 0x45, 0xef, 0x64, 0x00, 0x00, 0x09, 0xf7, 0x02, 0xfe, 0x00, 0x00, 0x00, 0x0c, 0xf4, 0x04, 0xfc, 0x00, 0x00, 0x04, 0x4e,
  0xf6, 0x49, 0xfc, 0x42, 0x00, 0x0e, 0xff, 0xff, 0xff, 0xff, 0xf5, 0x00, 0x1f, 0xff, 0xff, 0xff, 0xff, 0xf3, 0x00, 0x00, 0x7f, 0x90, 0x0e, 0xf2,
  0x00, 0x00, 0x00, 0x9f, 0x70, 0x2f, 0xe0, 0x00, 0x00, 0x00, 0xcf, 0x40, 0x5f, 0xc0, 0x00, 0x00, 0x00, 0xef, 0x20, 0x7f, 0x90, 0x00, 0x00, 0x00,
  0x00, 0x00, 0x00, 0x00, 0x00, 0x00, 0x00, 0x00, 0x00, 0x00, 0x00, 0x00, 0x00, 0x00, 0x00, 0x00, 0x00, 0x00, 0x00, 0x00, 0x00, 0x00, 0x00, 0x00,
  0x00, 0x00, 0x00, 0x00, 0x00, 0x00, 0x00, 0x00, 0x00, 0x00, 0x00, 0x00, 0x00, 0x00, 0x00, 0x00, 0x00, 0x00, 0x00, 0x00, 0x00, 0x00, 0x00, 0x00,
  0x00, 0x00, 0x00, 0x00, 0x00, 0x00, 0x00, 0x00, 0x00, 0x00, 0x00, 0x00, 0x00, 0x00, 0x00, 0x00, 0x00, 0x00, 0x00, 0x00, 0x00, 0x00, 0x00, 0x00,
  0x00, 0x00, 0x00, 0x00, 0x00, 0x00, 0x00, 0x00, 0x00, 0x00, 0x00, 0x00, 0x00, 0x03, 0xf7, 0x00, 0x00, 0x00, 0x00, 0x00, 0x03, 0xf7, 0x00, 0x00,
  0x00, 0x00, 0x03, 0x9d, 0xfd, 0xa3, 0x00, 0x00, 0x00, 0x7e, 0xff, 0xff, 0xff, 0x70, 0x00, 0x03, 0xff, 0xea, 0xfc, 0xef, 0xe3, 0x00, 0x08, 0xfe,
  0x23, 0xf7, 0x3f, 0xfa, 0x00, 0x0a, 0xfd, 0x03, 0xf7, 0x0b, 0xfd, 0x00, 0x09, 0xfe, 0x33, 0xf7, 0x01, 0x22, 0x00, 0x03, 0xff, 0xeb, 0xf7, 0x00,
  0x00, 0x00, 0x00, 0x7e, 0xff, 0xfe, 0x93, 0x00, 0x00, 0x00, 0x02, 0x9e, 0xff, 0xff, 0xa1, 0x00, 0x00, 0x00, 0x03, 0xfc, 0xef, 0xfa, 0x00, 0x05,
  0x53, 0x03, 0xf7, 0x1c, 0xfe, 0x10, 0x0e, 0xfc, 0x03, 0xf7, 0x05, 0xff, 0x30, 0x0a, 0xff, 0x43, 0xf7, 0x06, 0xff, 0x30, 0x04, 0xff, 0xe9, 0xf9,
  0x6e, 0xfd, 0x00, 0x00, 0x8f, 0xff, 0xff, 0xff, 0xe4, 0x00, 0x00, 0x06, 0xdf, 0xff, 0xeb, 0x20, 0x00, 0x00, 0x00, 0x04, 0xf8, 0x00, 0x00, 0x00,
  0x00, 0x00, 0x03, 0xf7, 0x00, 0x00, 0x00, 0x00, 0x00, 0x00, 0x00, 0x00, 0x00, 0x00, 0x00, 0x00, 0x00, 0x00, 0x00, 0x00, 0x00, 0x00, 0x00, 0x00,
  0x00, 0x00, 0x00, 0x00, 0x00, 0x00, 0x00, 0x00, 0x00, 0x00, 0x00, 0x00, 0x00, 0x00, 0x00, 0x00, 0x00, 0x00, 0x00, 0x00, 0x00, 0x00, 0x00, 0x00,
  0x00, 0x00, 0x00, 0x00, 0x00, 0x00, 0x00, 0x00, 0x00, 0x00, 0x00, 0x00, 0x00, 0x00, 0x00, 0x00, 0x00, 0x00, 0x00, 0x00, 0x00, 0x00, 0x00, 0x00,
  0x00, 0x00, 0x00, 0x00, 0x00, 0x00, 0x00, 0x00, 0x00, 0x00, 0x00, 0x00, 0x00, 0x00, 0x00, 0x00, 0x00, 0x00, 0x00, 0x05, 0xce, 0xb2, 0x00, 0x01,
  0xec, 0x00, 0x3f, 0xed, 0xfd, 0x00, 0x09, 0xf3, 0x00, 0xaf, 0x60, 0xaf, 0x50, 0x3e, 0xa0, 0x00, 0xcf, 0x20, 0x6f, 0x70, 0xbe, 0x10, 0x00, 0xcf,
  0x20, 0x6f, 0x75, 0xf7, 0x00, 0x00, 0xaf, 0x60, 0xaf, 0x6d, 0xd0, 0x00, 0x00, 0x3f, 0xed, 0xfd, 0x7f, 0x50, 0x00, 0x00, 0x05, 0xce, 0xb3, 0xec,
  0x00, 0x00, 0x00, 0x00, 0x00, 0x09, 0xf4, 0x7b, 0xa4, 0x00, 0x00, 0x00, 0x3e, 0xa9, 0xff, 0xff, 0x50, 0x00, 0x00, 0xbe, 0x4f, 0xe2, 0x5f, 0xc0,
  0x00, 0x05, 0xf8, 0x4f, 0xa0, 0x0e, 0xe0, 0x00, 0x0d, 0xd0, 0x4f, 0x90, 0x0d, 0xe0, 0x00, 0x7f, 0x50, 0x2f, 0xa0, 0x0e, 0xc0, 0x01, 0xec, 0x00,
  0x0b, 0xe4, 0x7f, 0x60, 0x09, 0xf3, 0x00, 0x01, 0x9d, 0xd7, 0x00, 0x00, 0x00, 0x00, 0x00, 0x00, 0x00, 0x00, 0x00, 0x00, 0x00, 0x00, 0x00, 0x00,
  0x00, 0x00, 0x00, 0x00, 0x00, 0x00, 0x00, 0x00, 0x00, 0x00, 0x00, 0x00, 0x00, 0x00, 0x00, 0x00, 0x00, 0x00, 0x00, 0x00, 0x00, 0x00, 0x00, 0x00,
  0x00, 0x00, 0x00, 0x00, 0x00, 0x00, 0x00, 0x00, 0x00, 0x00, 0x00, 0x00, 0x00, 0x00, 0x00, 0x00, 0x00, 0x00, 0x00, 0x00, 0x00, 0x00, 0x00, 0x00,
  0x00, 0x00, 0x00, 0x00, 0x00, 0x00, 0x00, 0x00, 0x00, 0x00, 0x00, 0x00, 0x00, 0x00, 0x00, 0x00, 0x00, 0x00, 0x00, 0x00, 0x00, 0x00, 0x00, 0x00,
  0x00, 0x00, 0x00, 0x00, 0x00, 0x00, 0x00, 0x00, 0x00, 0x00, 0x00, 0x00, 0x00, 0x00, 0x04, 0xbe, 0xec, 0x60, 0x00, 0x00, 0x00, 0x5f, 0xff, 0xff,
  0xf6, 0x00, 0x00, 0x00, 0xdf, 0xe6, 0x6e, 0xfd, 0x00, 0x00, 0x01, 0xff, 0x80, 0x09, 0xff, 0x00, 0x00, 0x00, 0xef, 0xa0, 0x0b, 0xfd, 0x00, 0x00,
  0x00, 0xbf, 0xe2, 0x8f, 0xf6, 0x00, 0x00, 0x00, 0x2e, 0xfe, 0xff, 0x80, 0x00, 0x00, 0x00, 0x2d, 0xff, 0xe5, 0x00, 0x00, 0x00, 0x03, 0xef, 0xff,
  0xe4, 0x00, 0x32, 0x00, 0x1e, 0xfe, 0x5d, 0xfe, 0x20, 0xcf, 0x90, 0x7f, 0xf5, 0x02, 0xef, 0xc2, 0xef, 0x60, 0xaf, 0xf1, 0x00, 0x5f, 0xfe, 0xfe,
  0x10, 0xaf, 0xf3, 0x00, 0x09, 0xff, 0xf8, 0x00, 0x7f, 0xfd, 0x75, 0x6c, 0xff, 0xf2, 0x00, 0x0c, 0xff, 0xff, 0xff, 0xff, 0xfb, 0x00, 0x00, 0x8c,
  0xee, 0xda, 0x56, 0xff, 0x70, 0x00, 0x00, 0x00, 0x00, 0x00, 0x00, 0x00, 0x00, 0x00, 0x00, 0x00, 0x00, 0x00, 0x00, 0x00, 0x00, 0x00, 0x00, 0x00,
  0x00, 0x00, 0x00, 0x00, 0x00, 0x00, 0x00, 0x00, 0x00, 0x00, 0x00, 0x00, 0x00, 0x00, 0x00, 0x00, 0x00, 0x00, 0x00, 0x00, 0x00, 0x00, 0x00, 0x00,
  0x00, 0x00, 0x00, 0x00, 0x00, 0x00, 0x00, 0x00, 0x00, 0x00, 0x00, 0x00, 0x00, 0x00, 0x00, 0x00, 0x00, 0x00, 0x00, 0x00, 0x00, 0x00, 0x00, 0x00,
  0x00, 0x00, 0x00, 0x00, 0x00, 0x00, 0x00, 0x00, 0x00, 0x00, 0x00, 0x00, 0x00, 0x00, 0x00, 0x00, 0x00, 0x00, 0x00, 0x00, 0x00, 0x00, 0x00, 0x00,
  0x00, 0x00, 0x00, 0x00, 0x00, 0x00, 0x00, 0x00, 0x00, 0x0b, 0xfe, 0x00, 0x00, 0x00, 0x00, 0x00, 0x0b, 0xfe, 0x00, 0x00, 0x00, 0x00, 0x00, 0x0b,
  0xfe, 0x00, 0x00, 0x00, 0x00, 0x00, 0x0a, 0xfd, 0x00, 0x00, 0x00, 0x00, 0x00, 0x09, 0xfc, 0x00, 0x00, 0x00, 0x00, 0x00, 0x09, 0xfc, 0x00, 0x00,
  0x00, 0x00, 0x00, 0x08, 0xfb, 0x00, 0x00, 0x00, 0x00, 0x00, 0x07, 0xfa, 0x00, 0x00, 0x00, 0x00, 0x00, 0x00, 0x00, 0x00, 0x00, 0x00, 0x00, 0x00,
  0x00, 0x00, 0x00, 0x00, 0x00, 0x00, 0x00, 0x00, 0x00, 0x00, 0x00, 0x00, 0x00, 0x00, 0x00, 0x00, 0x00, 0x00, 0x00, 0x00, 0x00, 0x00, 0x00, 0x00,
  0x00, 0x00, 0x00, 0x00, 0x00, 0x00, 0x00, 0x00, 0x00, 0x00, 0x00, 0x00, 0x00, 0x00, 0x00, 0x00, 0x00, 0x00, 0x00, 0x00, 0x00, 0x00, 0x00, 0x00,
  0x00, 0x00, 0x00, 0x00, 0x00, 0x00, 0x00, 0x00, 0x00, 0x00, 0x00, 0x00, 0x00, 0x00, 0x00, 0x00, 0x00, 0x00, 0x00, 0x00, 0x00, 0x00, 0x00, 0x00,
  0x00, 0x00, 0x00, 0x00, 0x00, 0x00, 0x00, 0x00, 0x00, 0x00, 0x00, 0x00, 0x00, 0x00, 0x00, 0x00, 0x00, 0x00, 0x00, 0x00, 0x00, 0x00, 0x00, 0x00,
  0x00, 0x00, 0x00, 0x00, 0x00, 0x00, 0x00, 0x00, 0x00, 0x00, 0x00, 0x00, 0x00, 0x00, 0x00, 0x00, 0x00, 0x00, 0x00, 0x00, 0x00, 0x00, 0x00, 0x00,
  0x00, 0x00, 0x00, 0x00, 0x00, 0x00, 0x00, 0x00, 0x00, 0x00, 0x00, 0x00, 0x00, 0x00, 0x00, 0x00, 0x00, 0x00, 0x00, 0x00, 0x00, 0x2d, 0xf8, 0x00,
  0x00, 0x00, 0x00, 0x01, 0xdf, 0xa0, 0x00, 0x00, 0x00, 0x00, 0x0a, 0xfd, 0x10, 0x00, 0x00, 0x00, 0x00, 0x5f, 0xf6, 0x00, 0x00, 0x00, 0x00, 0x00,
  0xcf, 0xd0, 0x00, 0x00, 0x00, 0x00, 0x03, 0xff, 0x80, 0x00, 0x00, 0x00, 0x00, 0x07, 0xff, 0x40, 0x00, 0x00, 0x00, 0x00, 0x0a, 0xff, 0x10, 0x00,
  0x00, 0x00, 0x00, 0x0b, 0xff, 0x00, 0x00, 0x00, 0x00, 0x00, 0x0c, 0xfe, 0x00, 0x00, 0x00, 0x00, 0x00, 0x0b, 0xff, 0x00, 0x00, 0x00, 0x00, 0x00,
  0x0a, 0xff, 0x10, 0x00, 0x00, 0x00, 0x00, 0x07, 0xff, 0x40, 0x00, 0x00, 0x00, 0x00, 0x03, 0xff, 0x80, 0x00, 0x00, 0x00, 0x00, 0x00, 0xcf, 0xd0,
  0x00, 0x00, 0x00, 0x00, 0x00, 0x5f, 0xf6, 0x00, 0x00, 0x00, 0x00, 0x00, 0x0b, 0xfd, 0x10, 0x00, 0x00, 0x00, 0x00, 0x01, 0xdf, 0xa0, 0x00, 0x00,
  0x00, 0x00, 0x00, 0x2d, 0xf8, 0x00, 0x00, 0x00, 0x00, 0x00, 0x00, 0x00, 0x00, 0x00, 0x00, 0x00, 0x00, 0x00, 0x00, 0x00, 0x00, 0x00, 0x00, 0x00,
  0x00, 0x00, 0x00, 0x00, 0x00, 0x00, 0x00, 0x00, 0x00, 0x00, 0x00, 0x00, 0x00, 0x00, 0x00, 0x00, 0x00, 0x00, 0x00, 0x00, 0x00, 0x00, 0x00, 0x00,
  0x00, 0x00, 0x00, 0x00, 0x00, 0x00, 0x00, 0x00, 0x00, 0x00, 0x00, 0x00, 0x00, 0x00, 0x00, 0x00, 0x00, 0x00, 0x00, 0x00, 0x00, 0x00, 0x00, 0x00,
  0x00, 0x00, 0x00, 0x00, 0x00, 0x00, 0x00, 0x00, 0x00, 0x00, 0x00, 0x00, 0x00, 0x05, 0xfe, 0x40, 0x00, 0x00, 0x00, 0x00, 0x00, 0x7f, 0xe3, 0x00,
  0x00, 0x00, 0x00, 0x00, 0x0b, 0xfd, 0x00, 0x00, 0x00, 0x00, 0x00, 0x03, 0xff, 0x80, 0x00, 0x00, 0x00, 0x00, 0x00, 0xbf, 0xe1, 0x00, 0x00, 0x00,
  0x00, 0x00, 0x5f, 0xf6, 0x00, 0x00, 0x00, 0x00, 0x00, 0x1f, 0xfa, 0x00, 0x00, 0x00, 0x00, 0x00, 0x0d, 0xfd, 0x00, 0x00, 0x00, 0x00, 0x00, 0x0c,
  0xfe, 0x00, 0x00, 0x00, 0x00, 0x00, 0x0b, 0xff, 0x00, 0x00, 0x00, 0x00, 0x00, 0x0c, 0xfe, 0x00, 0x00, 0x00, 0x00, 0x00, 0x0d, 0xfd, 0x00, 0x00,
  0x00, 0x00, 0x00, 0x1f, 0xfa, 0x00, 0x00, 0x00, 0x00, 0x00, 0x5f, 0xf6, 0x00, 0x00, 0x00, 0x00, 0x00, 0xbf, 0xe1, 0x00, 0x00, 0x00, 0x00, 0x03,
  0xff, 0x80, 0x00, 0x00, 0x00, 0x00, 0x0c, 0xfd, 0x00, 0x00, 0x00, 0x00, 0x00, 0x7f, 0xe3, 0x00, 0x00, 0x00, 0x00, 0x05, 0xfe, 0x40, 0x00, 0x00,
  0x00, 0x00, 0x00, 0x00, 0x00, 0x00, 0x00, 0x00, 0x00, 0x00, 0x00, 0x00, 0x00, 0x00, 0x00, 0x00, 0x00, 0x00, 0x00, 0x00, 0x00, 0x00, 0x00, 0x00,
  0x00, 0x00, 0x00, 0x00, 0x00, 0x00, 0x00, 0x00, 0x00, 0x00, 0x00, 0x00, 0x00, 0x00, 0x00, 0x00, 0x00, 0x00, 0x00, 0x00, 0x00, 0x00, 0x00, 0x00,
  0x00, 0x00, 0x00, 0x00, 0x00, 0x00, 0x00, 0x00, 0x00, 0x00, 0x00, 0x00, 0x00, 0x00, 0x00, 0x00, 0x00, 0x00, 0x00, 0x00, 0x00, 0x00, 0x00, 0x00,
  0x00, 0x00, 0x00, 0x00, 0x00, 0x00, 0x00, 0x00, 0x00, 0x00, 0x00, 0x00, 0x00, 0x00, 0x02, 0x80, 0x00, 0x63, 0x00, 0x00, 0x00, 0x0b, 0xf6, 0x03,
  0xed, 0x00, 0x00, 0x00, 0x02, 0xee, 0x3d, 0xe4, 0x00, 0x00, 0x00, 0x00, 0x5f, 0xef, 0x80, 0x00, 0x00, 0x03, 0xff, 0xff, 0xff, 0xff, 0xf6, 0x00,
  0x03, 0xff, 0xff, 0xff, 0xff, 0xf6, 0x00, 0x01, 0x44, 0x7f, 0xff, 0x94, 0x42, 0x00, 0x00, 0x00, 0xcf, 0x8e, 0xd1, 0x00, 0x00, 0x00, 0x08, 0xfa,
  0x07, 0xfb, 0x00, 0x00, 0x00, 0x07, 0xd1, 0x00, 0xb9, 0x00, 0x00, 0x00, 0x00, 0x00, 0x00, 0x00, 0x00, 0x00, 0x00, 0x00, 0x00, 0x00, 0x00, 0x00,
  0x00, 0x00, 0x00, 0x00, 0x00, 0x00, 0x00, 0x00, 0x00, 0x00, 0x00, 0x00, 0x00, 0x00, 0x00, 0x00, 0x00, 0x00, 0x00, 0x00, 0x00, 0x00, 0x00, 0x00,
  0x00, 0x00, 0x00, 0x00, 0x00, 0x00, 0x00, 0x00, 0x00, 0x00, 0x00, 0x00, 0x00, 0x00, 0x00, 0x00, 0x00, 0x00, 0x00, 0x00, 0x00, 0x00, 0x00, 0x00,
  0x00, 0x00, 0x00, 0x00, 0x00, 0x00, 0x00, 0x00, 0x00, 0x00, 0x00, 0x00, 0x00, 0x00, 0x00, 0x00, 0x00, 0x00, 0x00, 0x00, 0x00, 0x00, 0x00, 0x00,
  0x00, 0x00, 0x00, 0x00, 0x00, 0x00, 0x00, 0x00, 0x00, 0x00, 0x00, 0x00, 0x00, 0x00, 0x00, 0x00, 0x00, 0x00, 0x00, 0x00, 0x00, 0x00, 0x00, 0x00,
  0x00, 0x00, 0x00, 0x00, 0x00, 0x00, 0x00, 0x00, 0x00, 0x00, 0x00, 0x00, 0x00, 0x00, 0x00, 0x00, 0x00, 0x00, 0x00, 0x00, 0x00, 0x00, 0x00, 0x00,
  0x00, 0x00, 0x00, 0x00, 0x00, 0x00, 0x00, 0x00, 0x00, 0x00, 0x00, 0x00, 0x00, 0x00, 0x00, 0x00, 0x00, 0x00, 0x00, 0x00, 0x00, 0x00, 0x00, 0x00,
  0x00, 0x00, 0x00, 0x00, 0x00, 0x00, 0x00, 0x00, 0x00, 0x00, 0x00, 0x00, 0x00, 0x08, 0xfb, 0x00, 0x00, 0x00, 0x00, 0x00, 0x08, 0xfb, 0x00, 0x00,
  0x00, 0x00, 0x00, 0x08, 0xfb, 0x00, 0x00, 0x00, 0x00, 0x00, 0x08, 0xfb, 0x00, 0x00, 0x00, 0x03, 0x44, 0x4a, 0xfc, 0x44, 0x44, 0x00, 0x0b, 0xff,
  0xff, 0xff, 0xff, 0xfe, 0x00, 0x0b, 0xff, 0xff, 0xff, 0xff, 0xfe, 0x00, 0x00, 0x00, 0x08, 0xfb, 0x00, 0x00, 0x00, 0x00, 0x00, 0x08, 0xfb, 0x00,
  0x00, 0x00, 0x00, 0x00, 0x08, 0xfb, 0x00, 0x00, 0x00, 0x00, 0x00, 0x08, 0xfb, 0x00, 0x00, 0x00, 0x00, 0x00, 0x00, 0x00, 0x00, 0x00, 0x00, 0x00,
  0x00, 0x00, 0x00, 0x00, 0x00, 0x00, 0x00, 0x00, 0x00, 0x00, 0x00, 0x00, 0x00, 0x00, 0x00, 0x00, 0x00, 0x00, 0x00, 0x00, 0x00, 0x00, 0x00, 0x00,
  0x00, 0x00, 0x00, 0x00, 0x00, 0x00, 0x00, 0x00, 0x00, 0x00, 0x00, 0x00, 0x00, 0x00, 0x00, 0x00, 0x00, 0x00, 0x00, 0x00, 0x00, 0x00, 0x00, 0x00,
  0x00, 0x00, 0x00, 0x00, 0x00, 0x00, 0x00, 0x00, 0x00, 0x00, 0x00, 0x00, 0x00, 0x00, 0x00, 0x00, 0x00, 0x00, 0x00, 0x00, 0x00, 0x00, 0x00, 0x00,
  0x00, 0x00, 0x00, 0x00, 0x00, 0x00, 0x00, 0x00, 0x00, 0x00, 0x00, 0x00, 0x00, 0x00, 0x00, 0x00, 0x00, 0x00, 0x00, 0x00, 0x00, 0x00, 0x00, 0x00,
  0x00, 0x00, 0x00, 0x00, 0x00, 0x00, 0x00, 0x00, 0x00, 0x00, 0x00, 0x00, 0x00, 0x00, 0x00, 0x00, 0x00, 0x00, 0x00, 0x00, 0x00, 0x00, 0x00, 0x00,
  0x00, 0x00, 0x00, 0x00, 0x00, 0x00, 0x00, 0x00, 0x00, 0x00, 0x00, 0x00, 0x00, 0x00, 0x00, 0x00, 0x00, 0x00, 0x00, 0x00, 0x00, 0x00, 0x00, 0x00,
  0x00, 0x00, 0x00, 0x00, 0x00, 0x00, 0x00, 0x00, 0x00, 0x00, 0x00, 0x00, 0x00, 0x00, 0x00, 0x00, 0x00, 0x00, 0x00, 0x00, 0x00, 0x00, 0x00, 0x00,
  0x00, 0x00, 0x00, 0x00, 0x00, 0x00, 0x00, 0x00, 0x00, 0x00, 0x00, 0x00, 0x00, 0x00, 0x00, 0x00, 0x00, 0x00, 0x00, 0x00, 0x00, 0x00, 0x0e, 0xff,
  0x20, 0x00, 0x00, 0x00, 0x00, 0x0e, 0xff, 0x20, 0x00, 0x00, 0x00, 0x00, 0x0e, 0xff, 0x20, 0x00, 0x00, 0x00, 0x00, 0x00, 0xcc, 0x00, 0x00, 0x00,
  0x00, 0x00, 0x03, 0xf6, 0x00, 0x00, 0x00, 0x00, 0x00, 0x0a, 0xe0, 0x00, 0x00, 0x00, 0x00, 0x00, 0x00, 0x00, 0x00, 0x00, 0x00, 0x00, 0x00, 0x00,
  0x00, 0x00, 0x00, 0x00, 0x00, 0x00, 0x00, 0x00, 0x00, 0x00, 0x00, 0x00, 0x00, 0x00, 0x00, 0x00, 0x00, 0x00, 0x00, 0x00, 0x00, 0x00, 0x00, 0x00,
  0x00, 0x00, 0x00, 0x00, 0x00, 0x00, 0x00, 0x00, 0x00, 0x00, 0x00, 0x00, 0x00, 0x00, 0x00, 0x00, 0x00, 0x00, 0x00, 0x00, 0x00, 0x00, 0x00, 0x00,
  0x00, 0x00, 0x00, 0x00, 0x00, 0x00, 0x00, 0x00, 0x00, 0x00, 0x00, 0x00, 0x00, 0x00, 0x00, 0x00, 0x00, 0x00, 0x00, 0x00, 0x00, 0x00, 0x00, 0x00,
  0x00, 0x00, 0x00, 0x00, 0x00, 0x00, 0x00, 0x00, 0x00, 0x00, 0x00, 0x00, 0x00, 0x00, 0x00, 0x00, 0x00, 0x00, 0x00, 0x00, 0x00, 0x00, 0x00, 0x00,
  0x00, 0x00, 0x00, 0x00, 0x00, 0x00, 0x00, 0x00, 0x00, 0x00, 0x00, 0x00, 0x00, 0x00, 0x00, 0x00, 0x00, 0x00, 0x00, 0x00, 0x00, 0x00, 0x00, 0x00,
  0x00, 0x00, 0x00, 0x00, 0x24, 0x44, 0x44, 0x44, 0x30, 0x00, 0x00, 0x6f, 0xff, 0xff, 0xff, 0x90, 0x00, 0x00, 0x6f, 0xff, 0xff, 0xff, 0x90, 0x00,
  0x00, 0x00, 0x00, 0x00, 0x00, 0x00, 0x00, 0x00, 0x00, 0x00, 0x00, 0x00, 0x00, 0x00, 0x00, 0x00, 0x00, 0x00, 0x00, 0x00, 0x00, 0x00, 0x00, 0x00,
  0x00, 0x00, 0x00, 0x00, 0x00, 0x00, 0x00, 0x00, 0x00, 0x00, 0x00, 0x00, 0x00, 0x00, 0x00, 0x00, 0x00, 0x00, 0x00, 0x00, 0x00, 0x00, 0x00, 0x00,
  0x00, 0x00, 0x00, 0x00, 0x00, 0x00, 0x00, 0x00, 0x00, 0x00, 0x00, 0x00, 0x00, 0x00, 0x00, 0x00, 0x00, 0x00, 0x00, 0x00, 0x00, 0x00, 0x00, 0x00,
  0x00, 0x00, 0x00, 0x00, 0x00, 0x00, 0x00, 0x00, 0x00, 0x00, 0x00, 0x00, 0x00, 0x00, 0x00, 0x00, 0x00, 0x00, 0x00, 0x00, 0x00, 0x00, 0x00, 0x00,
  0x00, 0x00, 0x00, 0x00, 0x00, 0x00, 0x00, 0x00, 0x00, 0x00, 0x00, 0x00, 0x00, 0x00, 0x00, 0x00, 0x00, 0x00, 0x00, 0x00, 0x00, 0x00, 0x00, 0x00,
  0x00, 0x00, 0x00, 0x00, 0x00, 0x00, 0x00, 0x00, 0x00, 0x00, 0x00, 0x00, 0x00, 0x00, 0x00, 0x00, 0x00, 0x00, 0x00, 0x00, 0x00, 0x00, 0x00, 0x00,
  0x00, 0x00, 0x00, 0x00, 0x00, 0x00, 0x00, 0x00, 0x00, 0x00, 0x00, 0x00, 0x00, 0x00, 0x00, 0x00, 0x00, 0x00, 0x00, 0x00, 0x00, 0x00, 0x00, 0x00,
  0x00, 0x00, 0x00, 0x00, 0x00, 0x00, 0x00, 0x00, 0x00, 0x00, 0x00, 0x00, 0x00, 0x00, 0x00, 0x00, 0x00, 0x00, 0x00, 0x00, 0x00, 0x00, 0x00, 0x00,
  0x00, 0x00, 0x00, 0x00, 0x00, 0x00, 0x00, 0x00, 0x00, 0x00, 0x00, 0x00, 0x00, 0x00, 0x00, 0x00, 0x00, 0x00, 0x00, 0x00, 0x00, 0x00, 0x00, 0x00,
  0x00, 0x00, 0x00, 0x00, 0x00, 0x00, 0x00, 0x00, 0x00, 0x00, 0x0f, 0xff, 0x30, 0x00, 0x00, 0x00, 0x00, 0x0f, 0xff, 0x30, 0x00, 0x00, 0x00, 0x00,
  0x0f, 0xff, 0x30, 0x00, 0x00, 0x00, 0x00, 0x00, 0x00, 0x00, 0x00, 0x00, 0x00, 0x00, 0x00, 0x00, 0x00, 0x00, 0x00, 0x00, 0x00, 0x00, 0x00, 0x00,
  0x00, 0x00, 0x00, 0x00, 0x00, 0x00, 0x00, 0x00, 0x00, 0x00, 0x00, 0x00, 0x00, 0x00, 0x00, 0x00, 0x00, 0x00, 0x00, 0x00, 0x00, 0x00, 0x00, 0x00,
  0x00, 0x00, 0x00, 0x00, 0x00, 0x00, 0x00, 0x00, 0x00, 0x00, 0x00, 0x00, 0x00, 0x00, 0x00, 0x00, 0x00, 0x00, 0x00, 0x00, 0x00, 0x00, 0x00, 0x00,
  0x00, 0x00, 0x00, 0x00, 0x00, 0x00, 0x00, 0x00, 0x00, 0x00, 0x00, 0x00, 0x00, 0x00, 0x00, 0x00, 0x00, 0x00, 0x00, 0x00, 0x00, 0x00, 0x00, 0x00,
  0x00, 0x00, 0x00, 0x00, 0x7f, 0xd0, 0x00, 0x00, 0x00, 0x00, 0x00, 0xcf, 0x90, 0x00, 0x00, 0x00, 0x00, 0x03, 0xff, 0x30, 0x00, 0x00, 0x00, 0x00,
  0x08, 0xfd, 0x00, 0x00, 0x00, 0x00, 0x00, 0x0d, 0xf8, 0x00, 0x00, 0x00, 0x00, 0x00, 0x3f, 0xf3, 0x00, 0x00, 0x00, 0x00, 0x00, 0x8f, 0xd0, 0x00,
  0x00, 0x00, 0x00, 0x00, 0xdf, 0x70, 0x00, 0x00, 0x00, 0x00, 0x04, 0xff, 0x20, 0x00, 0x00, 0x00, 0x00, 0x09, 0xfc, 0x00, 0x00, 0x00, 0x00, 0x00,
  0x0e, 0xf7, 0x00, 0x00, 0x00, 0x00, 0x00, 0x4f, 0xf2, 0x00, 0x00, 0x00, 0x00, 0x00, 0xaf, 0xb0, 0x00, 0x00, 0x00, 0x00, 0x00, 0xef, 0x60, 0x00,
  0x00, 0x00, 0x00, 0x05, 0xfe, 0x10, 0x00, 0x00, 0x00, 0x00, 0x0a, 0xfb, 0x00, 0x00, 0x00, 0x00, 0x00, 0x1e, 0xf5, 0x00, 0x00, 0x00, 0x00, 0x00,
  0x6f, 0xe1, 0x00, 0x00, 0x00, 0x00, 0x00, 0xbf, 0xa0, 0x00, 0x00, 0x00, 0x00, 0x00, 0x00, 0x00, 0x00, 0x00, 0x00, 0x00, 0x00, 0x00, 0x00, 0x00,
  0x00, 0x00, 0x00, 0x00, 0x00, 0x00, 0x00, 0x00, 0x00, 0x00, 0x00, 0x00, 0x00, 0x00, 0x00, 0x00, 0x00, 0x00, 0x00, 0x00, 0x00, 0x00, 0x00, 0x00,
  0x00, 0x00, 0x00, 0x00, 0x00, 0x00, 0x00, 0x00, 0x00, 0x00, 0x00, 0x00, 0x00, 0x00, 0x00, 0x00, 0x00, 0x00, 0x00, 0x00, 0x00, 0x00, 0x00, 0x00,
  0x00, 0x00, 0x00, 0x00, 0x00, 0x00, 0x00, 0x00, 0x00, 0x00, 0x00, 0x00, 0x00, 0x00, 0x00, 0x00, 0x00, 0x00, 0x00, 0x00, 0x00, 0x00, 0x00, 0x00,
  0x00, 0x00, 0x00, 0x7c, 0xed, 0x91, 0x00, 0x00, 0x00, 0x1c, 0xff, 0xff, 0xfd, 0x20, 0x00, 0x00, 0xaf, 0xfa, 0x59, 0xff, 0xc0, 0x00, 0x02, 0xef,
  0xb0, 0x00, 0xdf, 0xf5, 0x00, 0x07, 0xff, 0x40, 0x05, 0xff, 0xfa, 0x00, 0x0b, 0xfe, 0x00, 0x0d, 0xdd, 0xfe, 0x00, 0x0d, 0xfd, 0x00, 0x7f, 0x5a,
  0xff, 0x10, 0x0e, 0xfc, 0x01, 0xec, 0x09, 0xff, 0x20, 0x0e, 0xfc, 0x08, 0xf4, 0x09, 0xff, 0x20, 0x0d, 0xfd, 0x1e, 0xb0, 0x0a, 0xff, 0x10, 0x0b,
  0xfe, 0xae, 0x20, 0x0c, 0xfe, 0x00, 0x07, 0xff, 0xf9, 0x00, 0x1e, 0xfa, 0x00, 0x02, 0xff, 0xe2, 0x00, 0x8f, 0xf5, 0x00, 0x00, 0xaf, 0xfa, 0x58,
  0xff, 0xc0, 0x00, 0x00, 0x1c, 0xff, 0xff, 0xfd, 0x20, 0x00, 0x00, 0x00, 0x7c, 0xed, 0x91, 0x00, 0x00, 0x00, 0x00, 0x00, 0x00, 0x00, 0x00, 0x00,
  0x00, 0x00, 0x00, 0x00, 0x00, 0x00, 0x00, 0x00, 0x00, 0x00, 0x00, 0x00, 0x00, 0x00, 0x00, 0x00, 0x00, 0x00, 0x00, 0x00, 0x00, 0x00, 0x00, 0x00,
  0x00, 0x00, 0x00, 0x00, 0x00, 0x00, 0x00, 0x00, 0x00, 0x00, 0x00, 0x00, 0x00, 0x00, 0x00, 0x00, 0x00, 0x00, 0x00, 0x00, 0x00, 0x00, 0x00, 0x00,
  0x00, 0x00, 0x00, 0x00, 0x00, 0x00, 0x00, 0x00, 0x00, 0x00, 0x00, 0x00, 0x00, 0x00, 0x00, 0x00, 0x00, 0x00, 0x00, 0x00, 0x00, 0x00, 0x00, 0x00,
  0x00, 0x00, 0x00, 0x00, 0x00, 0x00, 0x00, 0x00, 0x00, 0x00, 0x00, 0x00, 0x00, 0x00, 0x00, 0x00, 0x00, 0x00, 0x00, 0x00, 0x00, 0x00, 0xdf, 0x70,
  0x00, 0x00, 0x00, 0x00, 0x01, 0xef, 0x70, 0x00, 0x00, 0x00, 0x00, 0x1a, 0xff, 0x70, 0x00, 0x00, 0x02, 0xff, 0xff, 0xff, 0x70, 0x00, 0x00, 0x02,
  0xff, 0xff, 0xff, 0x70, 0x00, 0x00, 0x00, 0x44, 0x47, 0xff, 0x70, 0x00, 0x00, 0x00, 0x00, 0x03, 0xff, 0x70, 0x00, 0x00, 0x00, 0x00, 0x03, 0xff,
  0x70, 0x00, 0x00, 0x00, 0x00, 0x03, 0xff, 0x70, 0x00, 0x00, 0x00, 0x00, 0x03, 0xff, 0x70, 0x00, 0x00, 0x00, 0x00, 0x03, 0xff, 0x70, 0x00, 0x00,
  0x00, 0x00, 0x03, 0xff, 0x70, 0x00, 0x00, 0x00, 0x00, 0x03, 0xff, 0x70, 0x00, 0x00, 0x06, 0x77, 0x79, 0xff, 0xb7, 0x77, 0x00, 0x0c, 0xff, 0xff,
  0xff, 0xff, 0xff, 0x00, 0x0c, 0xff, 0xff, 0xff, 0xff, 0xff, 0x00, 0x00, 0x00, 0x00, 0x00, 0x00, 0x00, 0x00, 0x00, 0x00, 0x00, 0x00, 0x00, 0x00,
  0x00, 0x00, 0x00, 0x00, 0x00, 0x00, 0x00, 0x00, 0x00, 0x00, 0x00, 0x00, 0x00, 0x00, 0x00, 0x00, 0x00, 0x00, 0x00, 0x00, 0x00, 0x00, 0x00, 0x00,
  0x00, 0x00, 0x00, 0x00, 0x00, 0x00, 0x00, 0x00, 0x00, 0x00, 0x00, 0x00, 0x00, 0x00, 0x00, 0x00, 0x00, 0x00, 0x00, 0x00, 0x00, 0x00, 0x00, 0x00,
  0x00, 0x00, 0x00, 0x00, 0x00, 0x00, 0x00, 0x00, 0x00, 0x00, 0x00, 0x00, 0x00, 0x00, 0x00, 0x00, 0x00, 0x00, 0x00, 0x00, 0x00, 0x00, 0x00, 0x00,
  0x00, 0x00, 0x00, 0x00, 0x00, 0x00, 0x00, 0x00, 0x00, 0x00, 0x00, 0x00, 0x00, 0x00, 0x02, 0x8c, 0xee, 0xc8, 0x10, 0x00, 0x00, 0x4e, 0xff, 0xff,
  0xff, 0xd1, 0x00, 0x01, 0xef, 0xfa, 0x56, 0xcf, 0xfa, 0x00, 0x08, 0xff, 0x80, 0x00, 0x0d, 0xfe, 0x00, 0x0c, 0xff, 0x10, 0x00, 0x0a, 0xff, 0x20,
  0x02, 0x22, 0x00, 0x00, 0x0c, 0xff, 0x10, 0x00, 0x00, 0x00, 0x00, 0x6f, 0xfc, 0x00, 0x00, 0x00, 0x00, 0x2a, 0xff, 0xf5, 0x00, 0x00, 0x00, 0x07,
  0xef, 0xfe, 0x60, 0x00, 0x00, 0x02, 0xcf, 0xff, 0xc3, 0x00, 0x00, 0x00, 0x1d, 0xff, 0xd6, 0x00, 0x00, 0x00, 0x00, 0xcf, 0xfb, 0x10, 0x00, 0x00,
  0x00, 0x05, 0xff, 0xb0, 0x00, 0x00, 0x00, 0x00, 0x0a, 0xff, 0x84, 0x44, 0x44, 0x44, 0x00, 0x0d, 0xff, 0xff, 0xff, 0xff, 0xff, 0x20, 0x0e, 0xff,
  0xff, 0xff, 0xff, 0xff, 0x20, 0x00, 0x00, 0x00, 0x00, 0x00, 0x00, 0x00, 0x00, 0x00, 0x00, 0x00, 0x00, 0x00, 0x00, 0x00, 0x00, 0x00, 0x00, 0x00,
  0x00, 0x00, 0x00, 0x00, 0x00, 0x00, 0x00, 0x00, 0x00, 0x00, 0x00, 0x00, 0x00, 0x00, 0x00, 0x00, 0x00, 0x00, 0x00, 0x00, 0x00, 0x00, 0x00, 0x00,
  0x00, 0x00, 0x00, 0x00, 0x00, 0x00, 0x00, 0x00, 0x00, 0x00, 0x00, 0x00, 0x00, 0x00, 0x00, 0x00, 0x00, 0x00, 0x00, 0x00, 0x00, 0x00, 0x00, 0x00,
  0x00, 0x00, 0x00, 0x00, 0x00, 0x00, 0x00, 0x00, 0x00, 0x00, 0x00, 0x00, 0x00, 0x00, 0x00, 0x00, 0x00, 0x00, 0x00, 0x00, 0x00, 0x00, 0x00, 0x00,
  0x00, 0x00, 0x00, 0x00, 0x00, 0x00, 0x00, 0x00, 0x04, 0xad, 0xee, 0xb6, 0x00, 0x00, 0x00, 0x8f, 0xff, 0xff, 0xff, 0xb0, 0x00, 0x04, 0xff, 0xd7,
  0x57, 0xdf, 0xf6, 0x00, 0x08, 0xdd, 0x30, 0x00, 0x4f, 0xf9, 0x00, 0x00, 0x00, 0x00, 0x00, 0x3f, 0xf9, 0x00, 0x00, 0x00, 0x00, 0x02, 0xbf, 0xe3,
  0x00, 0x00, 0x00, 0x0b, 0xff, 0xfc, 0x40, 0x00, 0x00, 0x00, 0x0b, 0xff, 0xfc, 0x40, 0x00, 0x00, 0x00, 0x03, 0x57, 0xdf, 0xe4, 0x00, 0x00, 0x00,
  0x00, 0x00, 0x2e, 0xfd, 0x00, 0x00, 0x00, 0x00, 0x00, 0x0a, 0xff, 0x10, 0x09, 0x98, 0x00, 0x00, 0x0a, 0xff, 0x20, 0x0b, 0xfe, 0x20, 0x00, 0x1e,
  0xfe, 0x00, 0x06, 0xff, 0xd7, 0x57, 0xdf, 0xf8, 0x00, 0x00, 0xaf, 0xff, 0xff, 0xff, 0xb0, 0x00, 0x00, 0x05, 0xbe, 0xed, 0xa5, 0x00, 0x00, 0x00,
  0x00, 0x00, 0x00, 0x00, 0x00, 0x00, 0x00, 0x00, 0x00, 0x00, 0x00, 0x00, 0x00, 0x00, 0x00, 0x00, 0x00, 0x00, 0x00, 0x00, 0x00, 0x00, 0x00, 0x00,
  0x00, 0x00, 0x00, 0x00, 0x00, 0x00, 0x00, 0x00, 0x00, 0x00, 0x00, 0x00, 0x00, 0x00, 0x00, 0x00, 0x00, 0x00, 0x00, 0x00, 0x00, 0x00, 0x00, 0x00,
  0x00, 0x00, 0x00, 0x00, 0x00, 0x00, 0x00, 0x00, 0x00, 0x00, 0x00, 0x00, 0x00, 0x00, 0x00, 0x00, 0x00, 0x00, 0x00, 0x00, 0x00, 0x00, 0x00, 0x00,
  0x00, 0x00, 0x00, 0x00, 0x00, 0x00, 0x00, 0x00, 0x00, 0x00, 0x00, 0x00, 0x00, 0x00, 0x00, 0x00, 0x00, 0x00, 0x00, 0x00, 0x00, 0x00, 0x00, 0x00,
  0x00, 0x00, 0x00, 0x00, 0x0b, 0xff, 0x90, 0x00, 0x00, 0x00, 0x00, 0x6f, 0xff, 0x90, 0x00, 0x00, 0x00, 0x01, 0xef, 0xff, 0x90, 0x00, 0x00, 0x00,
  0x0a, 0xfe, 0xff, 0x90, 0x00, 0x00, 0x00, 0x4f, 0xf7, 0xff, 0x90, 0x00, 0x00, 0x00, 0xdf, 0xb1, 0xff, 0x90, 0x00, 0x00, 0x09, 0xfe, 0x11, 0xff,
  0x90, 0x00, 0x00, 0x3e, 0xf5, 0x01, 0xff, 0x90, 0x00, 0x00, 0xcf, 0xa0, 0x01, 0xff, 0x90, 0x00, 0x07, 0xfe, 0x10, 0x01, 0xff, 0x90, 0x00, 0x2e,
  0xfa, 0x66, 0x66, 0xff, 0xb6, 0x30, 0x4f, 0xff, 0xff, 0xff, 0xff, 0xff, 0x70, 0x4f, 0xff, 0xff, 0xff, 0xff, 0xff, 0x70, 0x00, 0x00, 0x00, 0x01,
  0xff, 0x90, 0x00, 0x00, 0x00, 0x00, 0x01, 0xff, 0x90, 0x00, 0x00, 0x00, 0x00, 0x01, 0xff, 0x90, 0x00, 0x00, 0x00, 0x00, 0x00, 0x00, 0x00, 0x00,
  0x00, 0x00, 0x00, 0x00, 0x00, 0x00, 0x00, 0x00, 0x00, 0x00, 0x00, 0x00, 0x00, 0x00, 0x00, 0x00, 0x00, 0x00, 0x00, 0x00, 0x00, 0x00, 0x00, 0x00,
  0x00, 0x00, 0x00, 0x00, 0x00, 0x00, 0x00, 0x00, 0x00, 0x00, 0x00, 0x00, 0x00, 0x00, 0x00, 0x00, 0x00, 0x00, 0x00, 0x00, 0x00, 0x00, 0x00, 0x00,
  0x00, 0x00, 0x00, 0x00, 0x00, 0x00, 0x00, 0x00, 0x00, 0x00, 0x00, 0x00, 0x00, 0x00, 0x00, 0x00, 0x00, 0x00, 0x00, 0x00, 0x00, 0x00, 0x00, 0x00,
  0x00, 0x00, 0x00, 0x00, 0x00, 0x00, 0x00, 0x00, 0x00, 0x00, 0x00, 0x00, 0x00, 0x00, 0x00, 0x00, 0x00, 0x00, 0x00, 0x00, 0xaf, 0xff, 0xff, 0xff,
  0xf4, 0x00, 0x00, 0xcf, 0xff, 0xff, 0xff, 0xf4, 0x00, 0x00, 0xdf, 0xb4, 0x44, 0x44, 0x41, 0x00, 0x00, 0xff, 0x70, 0x00, 0x00, 0x00, 0x00, 0x02,
  0xff, 0x50, 0x00, 0x00, 0x00, 0x00, 0x03, 0xff, 0x5a, 0xee, 0xb5, 0x00, 0x00, 0x05, 0xff, 0xef, 0xff, 0xff, 0x80, 0x00, 0x07, 0xff, 0xe8, 0x57,
  0xef, 0xf4, 0x00, 0x07, 0xcc, 0x60, 0x00, 0x4f, 0xfb, 0x00, 0x00, 0x00, 0x00, 0x00, 0x0d, 0xfe, 0x00, 0x00, 0x00, 0x00, 0x00, 0x0c, 0xff, 0x00,
  0x06, 0x88, 0x00, 0x00, 0x0d, 0xfe, 0x00, 0x09, 0xff, 0x40, 0x00, 0x4f, 0xfa, 0x00, 0x03, 0xef, 0xe7, 0x57, 0xef, 0xe3, 0x00, 0x00, 0x6e, 0xff,
  0xff, 0xfe, 0x60, 0x00, 0x00, 0x03, 0x9d, 0xed, 0xa3, 0x00, 0x00, 0x00, 0x00, 0x00, 0x00, 0x00, 0x00, 0x00, 0x00, 0x00, 0x00, 0x00, 0x00, 0x00,
  0x00, 0x00, 0x00, 0x00, 0x00, 0x00, 0x00, 0x00, 0x00, 0x00, 0x00, 0x00, 0x00, 0x00, 0x00, 0x00, 0x00, 0x00, 0x00, 0x00, 0x00, 0x00, 0x00, 0x00,
  0x00, 0x00, 0x00, 0x00, 0x00, 0x00, 0x00, 0x00, 0x00, 0x00, 0x00, 0x00, 0x00, 0x00, 0x00, 0x00, 0x00, 0x00, 0x00, 0x00, 0x00, 0x00, 0x00, 0x00,
  0x00, 0x00, 0x00, 0x00, 0x00, 0x00, 0x00, 0x00, 0x00, 0x00, 0x00, 0x00, 0x00, 0x00, 0x00, 0x00, 0x00, 0x00, 0x00, 0x00, 0x00, 0x00, 0x00, 0x00,
  0x00, 0x00, 0x00, 0x00, 0x00, 0x00, 0x00, 0x00, 0x00, 0x00, 0x00, 0x00, 0x00, 0x00, 0x00, 0x5b, 0xde, 0xd8, 0x10, 0x00, 0x00, 0x0a, 0xff, 0xff,
  0xff, 0xd2, 0x00, 0x00, 0x7f, 0xfc, 0x75, 0x9f, 0xfb, 0x00, 0x01, 0xef, 0xb0, 0x00, 0x08, 0xa9, 0x10, 0x06, 0xff, 0x30, 0x00, 0x00, 0x00, 0x00,
  0x0a, 0xfd, 0x3a, 0xee, 0xc7, 0x00, 0x00, 0x0d, 0xfe, 0xef, 0xff, 0xff, 0xc0, 0x00, 0x0e, 0xff, 0xe9, 0x57, 0xdf, 0xf8, 0x00, 0x0f, 0xff, 0x50,
  0x00, 0x1e, 0xfe, 0x00, 0x0f, 0xfd, 0x00, 0x00, 0x0a, 0xff, 0x20, 0x0e, 0xfb, 0x00, 0x00, 0x08, 0xff, 0x30, 0x0c, 0xfd, 0x00, 0x00, 0x0a, 0xff,
  0x20, 0x07, 0xff, 0x50, 0x00, 0x2e, 0xfd, 0x00, 0x01, 0xef, 0xe8, 0x57, 0xdf, 0xf6, 0x00, 0x00, 0x4e, 0xff, 0xff, 0xff, 0x90, 0x00, 0x00, 0x02,
  0x9d, 0xed, 0xa4, 0x00, 0x00, 0x00, 0x00, 0x00, 0x00, 0x00, 0x00, 0x00, 0x00, 0x00, 0x00, 0x00, 0x00, 0x00, 0x00, 0x00, 0x00, 0x00, 0x00, 0x00,
  0x00, 0x00, 0x00, 0x00, 0x00, 0x00, 0x00, 0x00, 0x00, 0x00, 0x00, 0x00, 0x00, 0x00, 0x00, 0x00, 0x00, 0x00, 0x00, 0x00, 0x00, 0x00, 0x00, 0x00,
  0x00, 0x00, 0x00, 0x00, 0x00, 0x00, 0x00, 0x00, 0x00, 0x00, 0x00, 0x00, 0x00, 0x00, 0x00, 0x00, 0x00, 0x00, 0x00, 0x00, 0x00, 0x00, 0x00, 0x00,
  0x00, 0x00, 0x00, 0x00, 0x00, 0x00, 0x00, 0x00, 0x00, 0x00, 0x00, 0x00, 0x00, 0x00, 0x00, 0x00, 0x00, 0x00, 0x00, 0x00, 0x00, 0x00, 0x00, 0x00,
  0x00, 0x00, 0x00, 0x00, 0x00, 0x00, 0x00, 0x0b, 0xff, 0xff, 0xff, 0xff, 0xfe, 0x00, 0x0b, 0xff, 0xff, 0xff, 0xff, 0xfe, 0x00, 0x03, 0x44, 0x44,
  0x44, 0x5e, 0xfa, 0x00, 0x00, 0x00, 0x00, 0x00, 0xaf, 0xd1, 0x00, 0x00, 0x00, 0x00, 0x06, 0xfe, 0x30, 0x00, 0x00, 0x00, 0x00, 0x1e, 0xf8, 0x00,
  0x00, 0x00, 0x00, 0x00, 0x9f, 0xd0, 0x00, 0x00, 0x00, 0x00, 0x02, 0xef, 0x70, 0x00, 0x00, 0x00, 0x00, 0x08, 0xfe, 0x10, 0x00, 0x00, 0x00, 0x00,
  0x0e, 0xfa, 0x00, 0x00, 0x00, 0x00, 0x00, 0x4f, 0xf5, 0x00, 0x00, 0x00, 0x00, 0x00, 0x8f, 0xf2, 0x00, 0x00, 0x00, 0x00, 0x00, 0xcf, 0xe0, 0x00,
  0x00, 0x00, 0x00, 0x00, 0xef, 0xd0, 0x00, 0x00, 0x00, 0x00, 0x01, 0xff, 0xc0, 0x00, 0x00, 0x00, 0x00, 0x02, 0xff, 0xb0, 0x00, 0x00, 0x00, 0x00,
  0x00, 0x00, 0x00, 0x00, 0x00, 0x00, 0x00, 0x00, 0x00, 0x00, 0x00, 0x00, 0x00, 0x00, 0x00, 0x00, 0x00, 0x00, 0x00, 0x00, 0x00, 0x00, 0x00, 0x00,
  0x00, 0x00, 0x00, 0x00, 0x00, 0x00, 0x00, 0x00, 0x00, 0x00, 0x00, 0x00, 0x00, 0x00, 0x00, 0x00, 0x00, 0x00, 0x00, 0x00, 0x00, 0x00, 0x00, 0x00,
  0x00, 0x00, 0x00, 0x00, 0x00, 0x00, 0x00, 0x00, 0x00, 0x00, 0x00, 0x00, 0x00, 0x00, 0x00, 0x00, 0x00, 0x00, 0x00, 0x00, 0x00, 0x00, 0x00, 0x00,
  0x00, 0x00, 0x00, 0x00, 0x00, 0x00, 0x00, 0x00, 0x00, 0x00, 0x00, 0x00, 0x00, 0x00, 0x00, 0x00, 0x00, 0x00, 0x00, 0x00, 0x00, 0x00, 0x00, 0x00,
  0x00, 0x00, 0x02, 0x9d, 0xed, 0xa4, 0x00, 0x00, 0x00, 0x5e, 0xff, 0xff, 0xff, 0x80, 0x00, 0x01, 0xef, 0xe8, 0x57, 0xef, 0xf3, 0x00, 0x04, 0xff,
  0x80, 0x00, 0x5f, 0xf7, 0x00, 0x04, 0xff, 0x70, 0x00, 0x4f, 0xf7, 0x00, 0x00, 0xdf, 0xd3, 0x02, 0xbf, 0xe2, 0x00, 0x00, 0x2c, 0xff, 0xff, 0xfd,
  0x40, 0x00, 0x00, 0x2a, 0xff, 0xff, 0xfb, 0x30, 0x00, 0x02, 0xdf, 0xe7, 0x57, 0xdf, 0xe4, 0x00, 0x0a, 0xfe, 0x30, 0x00, 0x1d, 0xfc, 0x00, 0x0e,
  0xfc, 0x00, 0x00, 0x09, 0xff, 0x20, 0x0f, 0xfc, 0x00, 0x00, 0x09, 0xff, 0x30, 0x0d, 0xfe, 0x20, 0x00, 0x1d, 0xff, 0x10, 0x08, 0xff, 0xd7, 0x57,
  0xcf, 0xfa, 0x00, 0x00, 0xbf, 0xff, 0xff, 0xff, 0xc1, 0x00, 0x00, 0x05, 0xad, 0xed, 0xb6, 0x00, 0x00, 0x00, 0x00, 0x00, 0x00, 0x00, 0x00, 0x00,
  0x00, 0x00, 0x00, 0x00, 0x00, 0x00, 0x00, 0x00, 0x00, 0x00, 0x00, 0x00, 0x00, 0x00, 0x00, 0x00, 0x00, 0x00, 0x00, 0x00, 0x00, 0x00, 0x00, 0x00,
  0x00, 0x00, 0x00, 0x00, 0x00, 0x00, 0x00, 0x00, 0x00, 0x00, 0x00, 0x00, 0x00, 0x00, 0x00, 0x00, 0x00, 0x00, 0x00, 0x00, 0x00, 0x00, 0x00, 0x00,
  0x00, 0x00, 0x00, 0x00, 0x00, 0x00, 0x00, 0x00, 0x00, 0x00, 0x00, 0x00, 0x00, 0x00, 0x00, 0x00, 0x00, 0x00, 0x00, 0x00, 0x00, 0x00, 0x00, 0x00,
  0x00, 0x00, 0x00, 0x00, 0x00, 0x00, 0x00, 0x00, 0x00, 0x00, 0x00, 0x00, 0x00, 0x00, 0x00, 0x00, 0x00, 0x00, 0x00, 0x00, 0x03, 0xad, 0xed, 0xa3,
  0x00, 0x00, 0x00, 0x7f, 0xff, 0xff, 0xff, 0x70, 0x00, 0x04, 0xff, 0xe8, 0x57, 0xdf, 0xe3, 0x00, 0x0b, 0xfe, 0x30, 0x00, 0x2e, 0xfa, 0x00, 0x0e,
  0xfc, 0x00, 0x00, 0x0a, 0xfe, 0x00, 0x0f, 0xfb, 0x00, 0x00, 0x09, 0xff, 0x20, 0x0e, 0xfe, 0x10, 0x00, 0x0c, 0xff, 0x30, 0x09, 0xff, 0xb2, 0x02,
  0xaf, 0xff, 0x30, 0x01, 0xdf, 0xff, 0xff, 0xff, 0xff, 0x30, 0x00, 0x2b, 0xff, 0xff, 0xaa, 0xff, 0x10, 0x00, 0x00, 0x14, 0x41, 0x0c, 0xfd, 0x00,
  0x00, 0x01, 0x00, 0x00, 0x2f, 0xf9, 0x00, 0x0c, 0xee, 0x00, 0x00, 0xaf, 0xf3, 0x00, 0x07, 0xff, 0xc5, 0x5b, 0xff, 0xa0, 0x00, 0x00, 0xbf, 0xff,
  0xff, 0xfc, 0x10, 0x00, 0x00, 0x07, 0xce, 0xec, 0x60, 0x00, 0x00, 0x00, 0x00, 0x00, 0x00, 0x00, 0x00, 0x00, 0x00, 0x00, 0x00, 0x00, 0x00, 0x00,
  0x00, 0x00, 0x00, 0x00, 0x00, 0x00, 0x00, 0x00, 0x00, 0x00, 0x00, 0x00, 0x00, 0x00, 0x00, 0x00, 0x00, 0x00, 0x00, 0x00, 0x00, 0x00, 0x00, 0x00,
  0x00, 0x00, 0x00, 0x00, 0x00, 0x00, 0x00, 0x00, 0x00, 0x00, 0x00, 0x00, 0x00, 0x00, 0x00, 0x00, 0x00, 0x00, 0x00, 0x00, 0x00, 0x00, 0x00, 0x00,
  0x00, 0x00, 0x00, 0x00, 0x00, 0x00, 0x00, 0x00, 0x00, 0x00, 0x00, 0x00, 0x00, 0x00, 0x00, 0x00, 0x00, 0x00, 0x00, 0x00, 0x00, 0x00, 0x00, 0x00,
  0x00, 0x00, 0x00, 0x00, 0x00, 0x00, 0x00, 0x00, 0x00, 0x00, 0x00, 0x00, 0x00, 0x00, 0x00, 0x00, 0x00, 0x00, 0x00, 0x00, 0x00, 0x00, 0x00, 0x00,
  0x00, 0x00, 0x00, 0x00, 0x00, 0x00, 0x00, 0x00, 0x00, 0x00, 0x00, 0x00, 0x00, 0x00, 0x00, 0x00, 0x00, 0x00, 0x00, 0x00, 0x00, 0x00, 0x00, 0x00,
  0x00, 0x00, 0x0f, 0xff, 0x30, 0x00, 0x00, 0x00, 0x00, 0x0f, 0xff, 0x30, 0x00, 0x00, 0x00, 0x00, 0x0f, 0xff, 0x30, 0x00, 0x00, 0x00, 0x00, 0x00,
  0x00, 0x00, 0x00, 0x00, 0x00, 0x00, 0x00, 0x00, 0x00, 0x00, 0x00, 0x00, 0x00, 0x00, 0x00, 0x00, 0x00, 0x00, 0x00, 0x00, 0x00, 0x00, 0x00, 0x00,
  0x00, 0x00, 0x00, 0x00, 0x00, 0x00, 0x00, 0x00, 0x00, 0x00, 0x0f, 0xff, 0x30, 0x00, 0x00, 0x00, 0x00, 0x0f, 0xff, 0x30, 0x00, 0x00, 0x00, 0x00,
  0x0f, 0xff, 0x30, 0x00, 0x00, 0x00, 0x00, 0x00, 0x00, 0x00, 0x00, 0x00, 0x00, 0x00, 0x00, 0x00, 0x00, 0x00, 0x00, 0x00, 0x00, 0x00, 0x00, 0x00,
  0x00, 0x00, 0x00, 0x00, 0x00, 0x00, 0x00, 0x00, 0x00, 0x00, 0x00, 0x00, 0x00, 0x00, 0x00, 0x00, 0x00, 0x00, 0x00, 0x00, 0x00, 0x00, 0x00, 0x00,
  0x00, 0x00, 0x00, 0x00, 0x00, 0x00, 0x00, 0x00, 0x00, 0x00, 0x00, 0x00, 0x00, 0x00, 0x00, 0x00, 0x00, 0x00, 0x00, 0x00, 0x00, 0x00, 0x00, 0x00,
  0x00, 0x00, 0x00, 0x00, 0x00, 0x00, 0x00, 0x00, 0x00, 0x00, 0x00, 0x00, 0x00, 0x00, 0x00, 0x00, 0x00, 0x00, 0x00, 0x00, 0x00, 0x00, 0x00, 0x00,
  0x00, 0x00, 0x00, 0x00, 0x00, 0x00, 0x00, 0x00, 0x00, 0x00, 0x00, 0x00, 0x00, 0x00, 0x00, 0x00, 0x00, 0x00, 0x00, 0x00, 0x00, 0x00, 0x00, 0x00,
  0x00, 0x00, 0x00, 0x00, 0x00, 0x00, 0x00, 0x00, 0x00, 0x00, 0x00, 0x00, 0x00, 0x00, 0x00, 0x00, 0x00, 0x00, 0x00, 0x00, 0x0f, 0xff, 0x30, 0x00,
  0x00, 0x00, 0x00, 0x0f, 0xff, 0x30, 0x00, 0x00, 0x00, 0x00, 0x0f, 0xff, 0x30, 0x00, 0x00, 0x00, 0x00, 0x00, 0x00, 0x00, 0x00, 0x00, 0x00, 0x00,
  0x00, 0x00, 0x00, 0x00, 0x00, 0x00, 0x00, 0x00, 0x00, 0x00, 0x00, 0x00, 0x00, 0x00, 0x00, 0x00, 0x00, 0x00, 0x00, 0x00, 0x00, 0x00, 0x00, 0x00,
  0x00, 0x00, 0x00, 0x00, 0x0e, 0xff, 0x20, 0x00, 0x00, 0x00, 0x00, 0x0e, 0xff, 0x20, 0x00, 0x00, 0x00, 0x00, 0x0e, 0xff, 0x20, 0x00, 0x00, 0x00,
  0x00, 0x00, 0xcc, 0x00, 0x00, 0x00, 0x00, 0x00, 0x03, 0xf6, 0x00, 0x00, 0x00, 0x00, 0x00, 0x0a, 0xe0, 0x00, 0x00, 0x00, 0x00, 0x00, 0x00, 0x00,
  0x00, 0x00, 0x00, 0x00, 0x00, 0x00, 0x00, 0x00, 0x00, 0x00, 0x00, 0x00, 0x00, 0x00, 0x00, 0x00, 0x00, 0x00, 0x00, 0x00, 0x00, 0x00, 0x00, 0x00,
  0x00, 0x00, 0x00, 0x00, 0x00, 0x00, 0x00, 0x00, 0x00, 0x00, 0x00, 0x00, 0x00, 0x00, 0x00, 0x00, 0x00, 0x00, 0x00, 0x00, 0x00, 0x00, 0x00, 0x00,
  0x00, 0x00, 0x00, 0x00, 0x00, 0x00, 0x00, 0x00, 0x00, 0x00, 0x00, 0x00, 0x00, 0x00, 0x00, 0x00, 0x00, 0x00, 0x00, 0x00, 0x00, 0x00, 0x00, 0x00,
  0x00, 0x00, 0x00, 0x00, 0x00, 0x00, 0x00, 0x00, 0x00, 0x00, 0x00, 0x00, 0x00, 0x00, 0x00, 0x00, 0x00, 0x00, 0x00, 0x00, 0x00, 0x00, 0x00, 0x00,
  0x00, 0x00, 0x00, 0x01, 0x00, 0x00, 0x00, 0x00, 0x00, 0x04, 0xb9, 0x00, 0x00, 0x00, 0x00, 0x06, 0xdf, 0xf9, 0x00, 0x00, 0x00, 0x28, 0xef, 0xfe,
  0xa3, 0x00, 0x00, 0x4a, 0xef, 0xfe, 0x81, 0x00, 0x00, 0x06, 0xff, 0xfc, 0x60, 0x00, 0x00, 0x00, 0x06, 0xfe, 0x50, 0x00, 0x00, 0x00, 0x00, 0x06,
  0xff, 0xe9, 0x30, 0x00, 0x00, 0x00, 0x01, 0x7d, 0xff, 0xfb, 0x50, 0x00, 0x00, 0x00, 0x00, 0x5c, 0xff, 0xfd, 0x71, 0x00, 0x00, 0x00, 0x00, 0x3a,
  0xef, 0xf9, 0x00, 0x00, 0x00, 0x00, 0x00, 0x18, 0xe9, 0x00, 0x00, 0x00, 0x00, 0x00, 0x00, 0x03, 0x00, 0x00, 0x00, 0x00, 0x00, 0x00, 0x00, 0x00,
  0x00, 0x00, 0x00, 0x00, 0x00, 0x00, 0x00, 0x00, 0x00, 0x00, 0x00, 0x00, 0x00, 0x00, 0x00, 0x00, 0x00, 0x00, 0x00, 0x00, 0x00, 0x00, 0x00, 0x00,
  0x00, 0x00, 0x00, 0x00, 0x00, 0x00, 0x00, 0x00, 0x00, 0x00, 0x00, 0x00, 0x00, 0x00, 0x00, 0x00, 0x00, 0x00, 0x00, 0x00, 0x00, 0x00, 0x00, 0x00,
  0x00, 0x00, 0x00, 0x00, 0x00, 0x00, 0x00, 0x00, 0x00, 0x00, 0x00, 0x00, 0x00, 0x00, 0x00, 0x00, 0x00, 0x00, 0x00, 0x00, 0x00, 0x00, 0x00, 0x00,
  0x00, 0x00, 0x00, 0x00, 0x00, 0x00, 0x00, 0x00, 0x00, 0x00, 0x00, 0x00, 0x00, 0x00, 0x00, 0x00, 0x00, 0x00, 0x00, 0x00, 0x00, 0x00, 0x00, 0x00,
  0x00, 0x00, 0x00, 0x00, 0x00, 0x00, 0x00, 0x00, 0x00, 0x00, 0x00, 0x00, 0x00, 0x00, 0x00, 0x00, 0x00, 0x00, 0x00, 0x00, 0x00, 0x00, 0x00, 0x00,
  0x00, 0x00, 0x00, 0x00, 0x00, 0x00, 0x01, 0x44, 0x44, 0x44, 0x44, 0x42, 0x00, 0x04, 0xff, 0xff, 0xff, 0xff, 0xf7, 0x00, 0x04, 0xff, 0xff, 0xff,
  0xff, 0xf7, 0x00, 0x00, 0x00, 0x00, 0x00, 0x00, 0x00, 0x00, 0x00, 0x00, 0x00, 0x00, 0x00, 0x00, 0x00, 0x01, 0x44, 0x44, 0x44, 0x44, 0x42, 0x00,
  0x04, 0xff, 0xff, 0xff, 0xff, 0xf7, 0x00, 0x04, 0xff, 0xff, 0xff, 0xff, 0xf7, 0x00, 0x00, 0x00, 0x00, 0x00, 0x00, 0x00, 0x00, 0x00, 0x00, 0x00,
  0x00, 0x00, 0x00, 0x00, 0x00, 0x00, 0x00, 0x00, 0x00, 0x00, 0x00, 0x00, 0x00, 0x00, 0x00, 0x00, 0x00, 0x00, 0x00, 0x00, 0x00, 0x00, 0x00, 0x00,
  0x00, 0x00, 0x00, 0x00, 0x00, 0x00, 0x00, 0x00, 0x00, 0x00, 0x00, 0x00, 0x00, 0x00, 0x00, 0x00, 0x00, 0x00, 0x00, 0x00, 0x00, 0x00, 0x00, 0x00,
  0x00, 0x00, 0x00, 0x00, 0x00, 0x00, 0x00, 0x00, 0x00, 0x00, 0x00, 0x00, 0x00, 0x00, 0x00, 0x00, 0x00, 0x00, 0x00, 0x00, 0x00, 0x00, 0x00, 0x00,
  0x00, 0x00, 0x00, 0x00, 0x00, 0x00, 0x00, 0x00, 0x00, 0x00, 0x00, 0x00, 0x00, 0x00, 0x00, 0x00, 0x00, 0x00, 0x00, 0x00, 0x00, 0x00, 0x00, 0x00,
  0x00, 0x00, 0x00, 0x00, 0x00, 0x00, 0x00, 0x00, 0x00, 0x00, 0x00, 0x00, 0x00, 0x00, 0x00, 0x00, 0x00, 0x00, 0x00, 0x00, 0x00, 0x00, 0x00, 0x00,
  0x00, 0x00, 0x00, 0x00, 0x00, 0x00, 0x00, 0x00, 0x00, 0x00, 0x01, 0x00, 0x00, 0x00, 0x00, 0x00, 0x00, 0x06, 0xc6, 0x00, 0x00, 0x00, 0x00, 0x00,
  0x06, 0xff, 0xe8, 0x10, 0x00, 0x00, 0x00, 0x01, 0x9e, 0xff, 0xea, 0x30, 0x00, 0x00, 0x00, 0x01, 0x7d, 0xff, 0xfc, 0x50, 0x00, 0x00, 0x00, 0x00,
  0x5b, 0xff, 0xf9, 0x00, 0x00, 0x00, 0x00, 0x00, 0x3d, 0xf9, 0x00, 0x00, 0x00, 0x00, 0x28, 0xef, 0xf9, 0x00, 0x00, 0x00, 0x4a, 0xef, 0xfe, 0x82,
  0x00, 0x00, 0x5c, 0xff, 0xfd, 0x61, 0x00, 0x00, 0x06, 0xff, 0xfb, 0x40, 0x00, 0x00, 0x00, 0x06, 0xe9, 0x20, 0x00, 0x00, 0x00, 0x00, 0x02, 0x10,
  0x00, 0x00, 0x00, 0x00, 0x00, 0x00, 0x00, 0x00, 0x00, 0x00, 0x00, 0x00, 0x00, 0x00, 0x00, 0x00, 0x00, 0x00, 0x00, 0x00, 0x00, 0x00, 0x00, 0x00,
  0x00, 0x00, 0x00, 0x00, 0x00, 0x00, 0x00, 0x00, 0x00, 0x00, 0x00, 0x00, 0x00, 0x00, 0x00, 0x00, 0x00, 0x00, 0x00, 0x00, 0x00, 0x00, 0x00, 0x00,
  0x00, 0x00, 0x00, 0x00, 0x00, 0x00, 0x00, 0x00, 0x00, 0x00, 0x00, 0x00, 0x00, 0x00, 0x00, 0x00, 0x00, 0x00, 0x00, 0x00, 0x00, 0x00, 0x00, 0x00,
  0x00, 0x00, 0x00, 0x00, 0x00, 0x00, 0x00, 0x00, 0x00, 0x00, 0x00, 0x00, 0x00, 0x00, 0x00, 0x00, 0x00, 0x00, 0x00, 0x00, 0x00, 0x00, 0x00, 0x00,
  0x00, 0x00, 0x00, 0x00, 0x00, 0x00, 0x00, 0x00, 0x01, 0x8c, 0xee, 0xb6, 0x00, 0x00, 0x00, 0x3d, 0xff, 0xff, 0xff, 0xa0, 0x00, 0x00, 0xdf, 0xe9,
  0x56, 0xcf, 0xf6, 0x00, 0x06, 0xff, 0x70, 0x00, 0x1e, 0xfc, 0x00, 0x0a, 0xfe, 0x10, 0x00, 0x0b, 0xfe, 0x00, 0x00, 0x00, 0x00, 0x00, 0x0d, 0xfc,
  0x00, 0x00, 0x00, 0x00, 0x01, 0xaf, 0xf7, 0x00, 0x00, 0x00, 0x00, 0x3d, 0xff, 0xa0, 0x00, 0x00, 0x00, 0x01, 0xef, 0xe6, 0x00, 0x00, 0x00, 0x00,
  0x06, 0xff, 0x40, 0x00, 0x00, 0x00, 0x00, 0x09, 0xfd, 0x00, 0x00, 0x00, 0x00, 0x00, 0x04, 0x75, 0x00, 0x00, 0x00, 0x00, 0x00, 0x00, 0x00, 0x00,
  0x00, 0x00, 0x00, 0x00, 0x0f, 0xff, 0x20, 0x00, 0x00, 0x00, 0x00, 0x0f, 0xff, 0x20, 0x00, 0x00, 0x00, 0x00, 0x0f, 0xff, 0x20, 0x00, 0x00, 0x00,
  0x00, 0x00, 0x00, 0x00, 0x00, 0x00, 0x00, 0x00, 0x00, 0x00, 0x00, 0x00, 0x00, 0x00, 0x00, 0x00, 0x00, 0x00, 0x00, 0x00, 0x00, 0x00, 0x00, 0x00,
  0x00, 0x00, 0x00, 0x00, 0x00, 0x00, 0x00, 0x00, 0x00, 0x00, 0x00, 0x00, 0x00, 0x00, 0x00, 0x00, 0x00, 0x00, 0x00, 0x00, 0x00, 0x00, 0x00, 0x00,
  0x00, 0x00, 0x00, 0x00, 0x00, 0x00, 0x00, 0x00, 0x00, 0x00, 0x00, 0x00, 0x00, 0x00, 0x00, 0x00, 0x00, 0x00, 0x00, 0x00, 0x00, 0x00, 0x00, 0x00,
  0x00, 0x00, 0x00, 0x00, 0x00, 0x00, 0x00, 0x00, 0x00, 0x00, 0x00, 0x00, 0x00, 0x00, 0x00, 0x00, 0x00, 0x00, 0x00, 0x00, 0x00, 0x00, 0x00, 0x00,
  0x00, 0x00, 0x00, 0x3a, 0xde, 0xc7, 0x00, 0x00, 0x00, 0x08, 0xff, 0xed, 0xef, 0xc1, 0x00, 0x00, 0x6f, 0xd4, 0x00, 0x08, 0xfa, 0x00, 0x01, 0xed,
  0x10, 0x00, 0x00, 0xaf, 0x20, 0x08, 0xf4, 0x00, 0x00, 0x00, 0x4f, 0x70, 0x0d, 0xc0, 0x2b, 0xe7, 0xeb, 0x0e, 0xa0, 0x3f, 0x70, 0xdf, 0xde, 0xfa,
  0x0d, 0xb0, 0x6f, 0x45, 0xfb, 0x08, 0xf8, 0x0b, 0xc0, 0x7f, 0x1a, 0xf6, 0x05, 0xf6, 0x0c, 0xc0, 0x9f, 0x0c, 0xf3, 0x06, 0xf5, 0x0d, 0xa0, 0x9f,
  0x0c, 0xf3, 0x09, 0xf4, 0x0e, 0x80, 0x9f, 0x0b, 0xf6, 0x1e, 0xf6, 0x5f, 0x50, 0x8f, 0x17, 0xfe, 0xea, 0xee, 0xed, 0x00, 0x6f, 0x40, 0x9e, 0xa0,
  0x6e, 0xc3, 0x00, 0x2f, 0x80, 0x00, 0x00, 0x00, 0x00, 0x00, 0x0c, 0xe2, 0x00, 0x00, 0x00, 0x00, 0x00, 0x04, 0xfd, 0x51, 0x03, 0x90, 0x00, 0x00,
  0x00, 0x6f, 0xff, 0xff, 0xf5, 0x00, 0x00, 0x00, 0x03, 0x9b, 0xb9, 0x40, 0x00, 0x00, 0x00, 0x00, 0x00, 0x00, 0x00, 0x00, 0x00, 0x00, 0x00, 0x00,
  0x00, 0x00, 0x00, 0x00, 0x00, 0x00, 0x00, 0x00, 0x00, 0x00, 0x00, 0x00, 0x00, 0x00, 0x00, 0x00, 0x00, 0x00, 0x00, 0x00, 0x00, 0x00, 0x00, 0x00,
  0x00, 0x00, 0x00, 0x00, 0x00, 0x00, 0x00, 0x00, 0x00, 0x00, 0x00, 0x00, 0x00, 0x00, 0x00, 0x00, 0x00, 0x00, 0x00, 0x00, 0x00, 0x00, 0x00, 0x00,
  0x00, 0x00, 0x00, 0x00, 0x00, 0x00, 0x00, 0x00, 0x00, 0x00, 0x00, 0x00, 0x00, 0x00, 0x00, 0x00, 0x00, 0x00, 0x00, 0x00, 0x00, 0x3f, 0xff, 0x60,
  0x00, 0x00, 0x00, 0x00, 0x7f, 0xff, 0xa0, 0x00, 0x00, 0x00, 0x00, 0xbf, 0xff, 0xe0, 0x00, 0x00, 0x00, 0x01, 0xef, 0xef, 0xf3, 0x00, 0x00, 0x00,
  0x05, 0xff, 0x7f, 0xf8, 0x00, 0x00, 0x00, 0x09, 0xfe, 0x1d, 0xfc, 0x00, 0x00, 0x00, 0x0d, 0xfc, 0x09, 0xff, 0x10, 0x00, 0x00, 0x2f, 0xf8, 0x05,
  0xff, 0x50, 0x00, 0x00, 0x6f, 0xf4, 0x01, 0xff, 0x90, 0x00, 0x00, 0xbf, 0xe0, 0x00, 0xcf, 0xd0, 0x00, 0x00, 0xef, 0xff, 0xff, 0xff, 0xf3, 0x00,
  0x04, 0xff, 0xff, 0xff, 0xff, 0xf7, 0x00, 0x08, 0xff, 0x86, 0x66, 0x6e, 0xfb, 0x00, 0x0c, 0xfe, 0x00, 0x00, 0x0b, 0xfe, 0x00, 0x1f, 0xfa, 0x00,
  0x00, 0x07, 0xff, 0x40, 0x5f, 0xf5, 0x00, 0x00, 0x03, 0xff, 0x80, 0x00, 0x00, 0x00, 0x00, 0x00, 0x00, 0x00, 0x00, 0x00, 0x00, 0x00, 0x00, 0x00,
  0x00, 0x00, 0x00, 0x00, 0x00, 0x00, 0x00, 0x00, 0x00, 0x00, 0x00, 0x00, 0x00, 0x00, 0x00, 0x00, 0x00, 0x00, 0x00, 0x00, 0x00, 0x00, 0x00, 0x00,
  0x00, 0x00, 0x00, 0x00, 0x00, 0x00, 0x00, 0x00, 0x00, 0x00, 0x00, 0x00, 0x00, 0x00, 0x00, 0x00, 0x00, 0x00, 0x00, 0x00, 0x00, 0x00, 0x00, 0x00,
  0x00, 0x00, 0x00, 0x00, 0x00, 0x00, 0x00, 0x00, 0x00, 0x00, 0x00, 0x00, 0x00, 0x00, 0x00, 0x00, 0x00, 0x00, 0x00, 0x00, 0x00, 0x00, 0x00, 0x00,
  0x00, 0x00, 0x00, 0x00, 0x00, 0x00, 0x00, 0x00, 0x00, 0x00, 0x00, 0x00, 0x00, 0x04, 0xff, 0xff, 0xed, 0xa5, 0x00, 0x00, 0x04, 0xff, 0xff, 0xff,
  0xff, 0x90, 0x00, 0x04, 0xff, 0x84, 0x58, 0xef, 0xf3, 0x00, 0x04, 0xff, 0x50, 0x00, 0x6f, 0xf8, 0x00, 0x04, 0xff, 0x50, 0x00, 0x3f, 0xf9, 0x00,
  0x04, 0xff, 0x50, 0x00, 0x4f, 0xf7, 0x00, 0x04, 0xff, 0x50, 0x03, 0xcf, 0xe1, 0x00, 0x04, 0xff, 0xff, 0xff, 0xeb, 0x20, 0x00, 0x04, 0xff, 0xff,
  0xff, 0xeb, 0x50, 0x00, 0x04, 0xff, 0x84, 0x46, 0xbf, 0xf8, 0x00, 0x04, 0xff, 0x50, 0x00, 0x0b, 0xfe, 0x10, 0x04, 0xff, 0x50, 0x00, 0x08, 0xff,
  0x30, 0x04, 0xff, 0x50, 0x00, 0x0b, 0xff, 0x30, 0x04, 0xff, 0x84, 0x46, 0xaf, 0xfd, 0x00, 0x04, 0xff, 0xff, 0xff, 0xff, 0xe4, 0x00, 0x04, 0xff,
  0xff, 0xfe, 0xc9, 0x20, 0x00, 0x00, 0x00, 0x00, 0x00, 0x00, 0x00, 0x00, 0x00, 0x00, 0x00, 0x00, 0x00, 0x00, 0x00, 0x00, 0x00, 0x00, 0x00, 0x00,
  0x00, 0x00, 0x00, 0x00, 0x00, 0x00, 0x00, 0x00, 0x00, 0x00, 0x00, 0x00, 0x00, 0x00, 0x00, 0x00, 0x00, 0x00, 0x00, 0x00, 0x00, 0x00, 0x00, 0x00,
  0x00, 0x00, 0x00, 0x00, 0x00, 0x00, 0x00, 0x00, 0x00, 0x00, 0x00, 0x00, 0x00, 0x00, 0x00, 0x00, 0x00, 0x00, 0x00, 0x00, 0x00, 0x00, 0x00, 0x00,
  0x00, 0x00, 0x00, 0x00, 0x00, 0x00, 0x00, 0x00, 0x00, 0x00, 0x00, 0x00, 0x00, 0x00, 0x00, 0x00, 0x00, 0x00, 0x00, 0x00, 0x00, 0x00, 0x00, 0x00,
  0x00, 0x00, 0x00, 0x00, 0x00, 0x00, 0x00, 0x00, 0x01, 0x8c, 0xed, 0xa3, 0x00, 0x00, 0x00, 0x2d, 0xff, 0xff, 0xfe, 0x50, 0x00, 0x00, 0xdf, 0xf9,
  0x58, 0xef, 0xe2, 0x00, 0x06, 0xff, 0x80, 0x00, 0x5f, 0xfa, 0x00, 0x0b, 0xfe, 0x10, 0x00, 0x0c, 0xfe, 0x00, 0x0e, 0xfb, 0x00, 0x00, 0x04, 0x66,
  0x10, 0x2f, 0xf9, 0x00, 0x00, 0x00, 0x00, 0x00, 0x3f, 0xf8, 0x00, 0x00, 0x00, 0x00, 0x00, 0x3f, 0xf8, 0x00, 0x00, 0x00, 0x00, 0x00, 0x2f, 0xf9,
  0x00, 0x00, 0x00, 0x00, 0x00, 0x0e, 0xfb, 0x00, 0x00, 0x06, 0xbb, 0x20, 0x0b, 0xfe, 0x10, 0x00, 0x0c, 0xfe, 0x10, 0x06, 0xff, 0x80, 0x00, 0x4f,
  0xfa, 0x00, 0x00, 0xdf, 0xf9, 0x58, 0xef, 0xe2, 0x00, 0x00, 0x2d, 0xff, 0xff, 0xfe, 0x50, 0x00, 0x00, 0x01, 0x8c, 0xed, 0xa3, 0x00, 0x00, 0x00,
  0x00, 0x00, 0x00, 0x00, 0x00, 0x00, 0x00, 0x00, 0x00, 0x00, 0x00, 0x00, 0x00, 0x00, 0x00, 0x00, 0x00, 0x00, 0x00, 0x00, 0x00, 0x00, 0x00, 0x00,
  0x00, 0x00, 0x00, 0x00, 0x00, 0x00, 0x00, 0x00, 0x00, 0x00, 0x00, 0x00, 0x00, 0x00, 0x00, 0x00, 0x00, 0x00, 0x00, 0x00, 0x00, 0x00, 0x00, 0x00,
  0x00, 0x00, 0x00, 0x00, 0x00, 0x00, 0x00, 0x00, 0x00, 0x00, 0x00, 0x00, 0x00, 0x00, 0x00, 0x00, 0x00, 0x00, 0x00, 0x00, 0x00, 0x00, 0x00, 0x00,
  0x00, 0x00, 0x00, 0x00, 0x00, 0x00, 0x00, 0x00, 0x00, 0x00, 0x00, 0x00, 0x00, 0x00, 0x00, 0x00, 0x00, 0x00, 0x00, 0x00, 0x00, 0x00, 0x00, 0x00,
  0x00, 0x04, 0xff, 0xfe, 0xdb, 0x60, 0x00, 0x00, 0x04, 0xff, 0xff, 0xff, 0xfc, 0x10, 0x00, 0x04, 0xff, 0x85, 0x6c, 0xff, 0xc0, 0x00, 0x04, 0xff,
  0x50, 0x00, 0x9f, 0xf7, 0x00, 0x04, 0xff, 0x50, 0x00, 0x1e, 0xfd, 0x00, 0x04, 0xff, 0x50, 0x00, 0x09, 0xff, 0x20, 0x04, 0xff, 0x50, 0x00, 0x07,
  0xff, 0x50, 0x04, 0xff, 0x50, 0x00, 0x05, 0xff, 0x60, 0x04, 0xff, 0x50, 0x00, 0x05, 0xff, 0x60, 0x04, 0xff, 0x50, 0x00, 0x06, 0xff, 0x50, 0x04,
  0xff, 0x50, 0x00, 0x09, 0xff, 0x20, 0x04, 0xff, 0x50, 0x00, 0x0e, 0xfd, 0x00, 0x04, 0xff, 0x50, 0x00, 0x9f, 0xf8, 0x00, 0x04, 0xff, 0x85, 0x6c,
  0xff, 0xd0, 0x00, 0x04, 0xff, 0xff, 0xff, 0xfc, 0x10, 0x00, 0x04, 0xff, 0xfe, 0xdb, 0x60, 0x00, 0x00, 0x00, 0x00, 0x00, 0x00, 0x00, 0x00, 0x00,
  0x00, 0x00, 0x00, 0x00, 0x00, 0x00, 0x00, 0x00, 0x00, 0x00, 0x00, 0x00, 0x00, 0x00, 0x00, 0x00, 0x00, 0x00, 0x00, 0x00, 0x00, 0x00, 0x00, 0x00,
  0x00, 0x00, 0x00, 0x00, 0x00, 0x00, 0x00, 0x00, 0x00, 0x00, 0x00, 0x00, 0x00, 0x00, 0x00, 0x00, 0x00, 0x00, 0x00, 0x00, 0x00, 0x00, 0x00, 0x00,
  0x00, 0x00, 0x00, 0x00, 0x00, 0x00, 0x00, 0x00, 0x00, 0x00, 0x00, 0x00, 0x00, 0x00, 0x00, 0x00, 0x00, 0x00, 0x00, 0x00, 0x00, 0x00, 0x00, 0x00,
  0x00, 0x00, 0x00, 0x00, 0x00, 0x00, 0x00, 0x00, 0x00, 0x00, 0x00, 0x00, 0x00, 0x00, 0x00, 0x00, 0x00, 0x00, 0x00, 0x01, 0xff, 0xff, 0xff, 0xff,
  0xf8, 0x00, 0x01, 0xff, 0xff, 0xff, 0xff, 0xf8, 0x00, 0x01, 0xff, 0xb4, 0x44, 0x44, 0x42, 0x00, 0x01, 0xff, 0x90, 0x00, 0x00, 0x00, 0x00, 0x01,
  0xff, 0x90, 0x00, 0x00, 0x00, 0x00, 0x01, 0xff, 0x90, 0x00, 0x00, 0x00, 0x00, 0x01, 0xff, 0x90, 0x00, 0x00, 0x00, 0x00, 0x01, 0xff, 0xff, 0xff,
  0xff, 0xf4, 0x00, 0x01, 0xff, 0xff, 0xff, 0xff, 0xf4, 0x00, 0x01, 0xff, 0xb4, 0x44, 0x44, 0x41, 0x00, 0x01, 0xff, 0x90, 0x00, 0x00, 0x00, 0x00,
  0x01, 0xff, 0x90, 0x00, 0x00, 0x00, 0x00, 0x01, 0xff, 0x90, 0x00, 0x00, 0x00, 0x00, 0x01, 0xff, 0xb4, 0x44, 0x44, 0x43, 0x00, 0x01, 0xff, 0xff,
  0xff, 0xff, 0xfb, 0x00, 0x01, 0xff, 0xff, 0xff, 0xff, 0xfb, 0x00, 0x00, 0x00, 0x00, 0x00, 0x00, 0x00, 0x00, 0x00, 0x00, 0x00, 0x00, 0x00, 0x00,
  0x00, 0x00, 0x00, 0x00, 0x00, 0x00, 0x00, 0x00, 0x00, 0x00, 0x00, 0x00, 0x00, 0x00, 0x00, 0x00, 0x00, 0x00, 0x00, 0x00, 0x00, 0x00, 0x00, 0x00,
  0x00, 0x00, 0x00, 0x00, 0x00, 0x00, 0x00, 0x00, 0x00, 0x00, 0x00, 0x00, 0x00, 0x00, 0x00, 0x00, 0x00, 0x00, 0x00, 0x00, 0x00, 0x00, 0x00, 0x00,
  0x00, 0x00, 0x00, 0x00, 0x00, 0x00, 0x00, 0x00, 0x00, 0x00, 0x00, 0x00, 0x00, 0x00, 0x00, 0x00, 0x00, 0x00, 0x00, 0x00, 0x00, 0x00, 0x00, 0x00,
  0x00, 0x00, 0x00, 0x00, 0x00, 0x00, 0x00, 0x00, 0x00, 0x00, 0x00, 0x00, 0x00, 0x00, 0xdf, 0xff, 0xff, 0xff, 0xfe, 0x00, 0x00, 0xdf, 0xff, 0xff,
  0xff, 0xfe, 0x00, 0x00, 0xdf, 0xd4, 0x44, 0x44, 0x44, 0x00, 0x00, 0xdf, 0xc0, 0x00, 0x00, 0x00, 0x00, 0x00, 0xdf, 0xc0, 0x00, 0x00, 0x00, 0x00,
  0x00, 0xdf, 0xc0, 0x00, 0x00, 0x00, 0x00, 0x00, 0xdf, 0xc0, 0x00, 0x00, 0x00, 0x00, 0x00, 0xdf, 0xff, 0xff, 0xff, 0xf8, 0x00, 0x00, 0xdf, 0xff,
  0xff, 0xff, 0xf8, 0x00, 0x00, 0xdf, 0xd4, 0x44, 0x44, 0x42, 0x00, 0x00, 0xdf, 0xc0, 0x00, 0x00, 0x00, 0x00, 0x00, 0xdf, 0xc0, 0x00, 0x00, 0x00,
  0x00, 0x00, 0xdf, 0xc0, 0x00, 0x00, 0x00, 0x00, 0x00, 0xdf, 0xc0, 0x00, 0x00, 0x00, 0x00, 0x00, 0xdf, 0xc0, 0x00, 0x00, 0x00, 0x00, 0x00, 0xdf,
  0xc0, 0x00, 0x00, 0x00, 0x00, 0x00, 0x00, 0x00, 0x00, 0x00, 0x00, 0x00, 0x00, 0x00, 0x00, 0x00, 0x00, 0x00, 0x00, 0x00, 0x00, 0x00, 0x00, 0x00,
  0x00, 0x00, 0x00, 0x00, 0x00, 0x00, 0x00, 0x00, 0x00, 0x00, 0x00, 0x00, 0x00, 0x00, 0x00, 0x00, 0x00, 0x00, 0x00, 0x00, 0x00, 0x00, 0x00, 0x00,
  0x00, 0x00, 0x00, 0x00, 0x00, 0x00, 0x00, 0x00, 0x00, 0x00, 0x00, 0x00, 0x00, 0x00, 0x00, 0x00, 0x00, 0x00, 0x00, 0x00, 0x00, 0x00, 0x00, 0x00,
  0x00, 0x00, 0x00, 0x00, 0x00, 0x00, 0x00, 0x00, 0x00, 0x00, 0x00, 0x00, 0x00, 0x00, 0x00, 0x00, 0x00, 0x00, 0x00, 0x00, 0x00, 0x00, 0x00, 0x00,
  0x00, 0x00, 0x00, 0x00, 0x00, 0x00, 0x00, 0x00, 0x01, 0x8c, 0xed, 0xa3, 0x00, 0x00, 0x00, 0x2d, 0xff, 0xff, 0xfe, 0x60, 0x00, 0x00, 0xcf, 0xf9,
  0x57, 0xef, 0xe3, 0x00, 0x06, 0xff, 0x90, 0x00, 0x3e, 0xfb, 0x00, 0x0b, 0xfe, 0x10, 0x00, 0x0b, 0xff, 0x10, 0x0e, 0xfc, 0x00, 0x00, 0x01, 0x33,
  0x00, 0x2f, 0xf9, 0x00, 0x00, 0x00, 0x00, 0x00, 0x3f, 0xf8, 0x00, 0x14, 0x44, 0x44, 0x10, 0x3f, 0xf8, 0x00, 0x5f, 0xff, 0xff, 0x40, 0x2f, 0xf9,
  0x00, 0x5f, 0xff, 0xff, 0x40, 0x0e, 0xfc, 0x00, 0x00, 0x04, 0xff, 0x40, 0x0b, 0xfe, 0x10, 0x00, 0x07, 0xff, 0x40, 0x06, 0xff, 0x90, 0x00, 0x1d,
  0xff, 0x40, 0x00, 0xcf, 0xfa, 0x56, 0xdf, 0xff, 0x40, 0x00, 0x2d, 0xff, 0xff, 0xfc, 0xbf, 0x40, 0x00, 0x01, 0x8c, 0xed, 0x80, 0xaf, 0x40, 0x00,
  0x00, 0x00, 0x00, 0x00, 0x00, 0x00, 0x00, 0x00, 0x00, 0x00, 0x00, 0x00, 0x00, 0x00, 0x00, 0x00, 0x00, 0x00, 0x00, 0x00, 0x00, 0x00, 0x00, 0x00,
  0x00, 0x00, 0x00, 0x00, 0x00, 0x00, 0x00, 0x00, 0x00, 0x00, 0x00, 0x00, 0x00, 0x00, 0x00, 0x00, 0x00, 0x00, 0x00, 0x00, 0x00, 0x00, 0x00, 0x00,
  0x00, 0x00, 0x00, 0x00, 0x00, 0x00, 0x00, 0x00, 0x00, 0x00, 0x00, 0x00, 0x00, 0x00, 0x00, 0x00, 0x00, 0x00, 0x00, 0x00, 0x00, 0x00, 0x00, 0x00,
  0x00, 0x00, 0x00, 0x00, 0x00, 0x00, 0x00, 0x00, 0x00, 0x00, 0x00, 0x00, 0x00, 0x00, 0x00, 0x00, 0x00, 0x00, 0x00, 0x00, 0x00, 0x00, 0x00, 0x00,
  0x00, 0x0c, 0xfd, 0x00, 0x00, 0x0a, 0xff, 0x00, 0x0c, 0xfd, 0x00, 0x00, 0x0a, 0xff, 0x00, 0x0c, 0xfd, 0x00, 0x00, 0x0a, 0xff, 0x00, 0x0c, 0xfd,
  0x00, 0x00, 0x0a, 0xff, 0x00, 0x0c, 0xfd, 0x00, 0x00, 0x0a, 0xff, 0x00, 0x0c, 0xfd, 0x00, 0x00, 0x0a, 0xff, 0x00, 0x0c, 0xfd, 0x00, 0x00, 0x0a,
  0xff, 0x00, 0x0c, 0xff, 0xff, 0xff, 0xff, 0xff, 0x00, 0x0c, 0xff, 0xff, 0xff, 0xff, 0xff, 0x00, 0x0c, 0xfd, 0x44, 0x44, 0x4b, 0xff, 0x00, 0x0c,
  0xfd, 0x00, 0x00, 0x0a, 0xff, 0x00, 0x0c, 0xfd, 0x00, 0x00, 0x0a, 0xff, 0x00, 0x0c, 0xfd, 0x00, 0x00, 0x0a, 0xff, 0x00, 0x0c, 0xfd, 0x00, 0x00,
  0x0a, 0xff, 0x00, 0x0c, 0xfd, 0x00, 0x00, 0x0a, 0xff, 0x00, 0x0c, 0xfd, 0x00, 0x00, 0x0a, 0xff, 0x00, 0x00, 0x00, 0x00, 0x00, 0x00, 0x00, 0x00,
  0x00, 0x00, 0x00, 0x00, 0x00, 0x00, 0x00, 0x00, 0x00, 0x00, 0x00, 0x00, 0x00, 0x00, 0x00, 0x00, 0x00, 0x00, 0x00, 0x00, 0x00, 0x00, 0x00, 0x00,
  0x00, 0x00, 0x00, 0x00, 0x00, 0x00, 0x00, 0x00, 0x00, 0x00, 0x00, 0x00, 0x00, 0x00, 0x00, 0x00, 0x00, 0x00, 0x00, 0x00, 0x00, 0x00, 0x00, 0x00,
  0x00, 0x00, 0x00, 0x00, 0x00, 0x00, 0x00, 0x00, 0x00, 0x00, 0x00, 0x00, 0x00, 0x00, 0x00, 0x00, 0x00, 0x00, 0x00, 0x00, 0x00, 0x00, 0x00, 0x00,
  0x00, 0x00, 0x00, 0x00, 0x00, 0x00, 0x00, 0x00, 0x00, 0x00, 0x00, 0x00, 0x00, 0x00, 0x00, 0x00, 0x00, 0x00, 0x00, 0x04, 0xff, 0xff, 0xff, 0xff,
  0xf8, 0x00, 0x04, 0xff, 0xff, 0xff, 0xff, 0xf8, 0x00, 0x01, 0x44, 0x4c, 0xfe, 0x44, 0x42, 0x00, 0x00, 0x00, 0x0b, 0xfe, 0x00, 0x00, 0x00, 0x00,
  0x00, 0x0b, 0xfe, 0x00, 0x00, 0x00, 0x00, 0x00, 0x0b, 0xfe, 0x00, 0x00, 0x00, 0x00, 0x00, 0x0b, 0xfe, 0x00, 0x00, 0x00, 0x00, 0x00, 0x0b, 0xfe,
  0x00, 0x00, 0x00, 0x00, 0x00, 0x0b, 0xfe, 0x00, 0x00, 0x00, 0x00, 0x00, 0x0b, 0xfe, 0x00, 0x00, 0x00, 0x00, 0x00, 0x0b, 0xfe, 0x00, 0x00, 0x00,
  0x00, 0x00, 0x0b, 0xfe, 0x00, 0x00, 0x00, 0x00, 0x00, 0x0b, 0xfe, 0x00, 0x00, 0x00, 0x01, 0x44, 0x4c, 0xfe, 0x44, 0x42, 0x00, 0x04, 0xff, 0xff,
  0xff, 0xff, 0xf8, 0x00, 0x04, 0xff, 0xff, 0xff, 0xff, 0xf8, 0x00, 0x00, 0x00, 0x00, 0x00, 0x00, 0x00, 0x00, 0x00, 0x00, 0x00, 0x00, 0x00, 0x00,
  0x00, 0x00, 0x00, 0x00, 0x00, 0x00, 0x00, 0x00, 0x00, 0x00, 0x00, 0x00, 0x00, 0x00, 0x00, 0x00, 0x00, 0x00, 0x00, 0x00, 0x00, 0x00, 0x00, 0x00,
  0x00, 0x00, 0x00, 0x00, 0x00, 0x00, 0x00, 0x00, 0x00, 0x00, 0x00, 0x00, 0x00, 0x00, 0x00, 0x00, 0x00, 0x00, 0x00, 0x00, 0x00, 0x00, 0x00, 0x00,
  0x00, 0x00, 0x00, 0x00, 0x00, 0x00, 0x00, 0x00, 0x00, 0x00, 0x00, 0x00, 0x00, 0x00, 0x00, 0x00, 0x00, 0x00, 0x00, 0x00, 0x00, 0x00, 0x00, 0x00,
  0x00, 0x00, 0x00, 0x00, 0x00, 0x00, 0x00, 0x00, 0x00, 0x00, 0x00, 0x00, 0x00, 0x00, 0x00, 0x00, 0x00, 0x6f, 0xf4, 0x00, 0x00, 0x00, 0x00, 0x00,
  0x6f, 0xf4, 0x00, 0x00, 0x00, 0x00, 0x00, 0x6f, 0xf4, 0x00, 0x00, 0x00, 0x00, 0x00, 0x6f, 0xf4, 0x00, 0x00, 0x00, 0x00, 0x00, 0x6f, 0xf4, 0x00,
  0x00, 0x00, 0x00, 0x00, 0x6f, 0xf4, 0x00, 0x00, 0x00, 0x00, 0x00, 0x6f, 0xf4, 0x00, 0x00, 0x00, 0x00, 0x00, 0x6f, 0xf4, 0x00, 0x00, 0x00, 0x00,
  0x00, 0x6f, 0xf4, 0x00, 0x00, 0x00, 0x00, 0x00, 0x6f, 0xf4, 0x00, 0x1a, 0xa5, 0x00, 0x00, 0x6f, 0xf4, 0x00, 0x1f, 0xf9, 0x00, 0x00, 0x8f, 0xf3,
  0x00, 0x0c, 0xfe, 0x10, 0x00, 0xdf, 0xe0, 0x00, 0x06, 0xff, 0xc6, 0x6b, 0xff, 0x80, 0x00, 0x00, 0xaf, 0xff, 0xff, 0xfc, 0x00, 0x00, 0x00, 0x06,
  0xbe, 0xec, 0x70, 0x00, 0x00, 0x00, 0x00, 0x00, 0x00, 0x00, 0x00, 0x00, 0x00, 0x00, 0x00, 0x00, 0x00, 0x00, 0x00, 0x00, 0x00, 0x00, 0x00, 0x00,
  0x00, 0x00, 0x00, 0x00, 0x00, 0x00, 0x00, 0x00, 0x00, 0x00, 0x00, 0x00, 0x00, 0x00, 0x00, 0x00, 0x00, 0x00, 0x00, 0x00, 0x00, 0x00, 0x00, 0x00,
  0x00, 0x00, 0x00, 0x00, 0x00, 0x00, 0x00, 0x00, 0x00, 0x00, 0x00, 0x00, 0x00, 0x00, 0x00, 0x00, 0x00, 0x00, 0x00, 0x00, 0x00, 0x00, 0x00, 0x00,
  0x00, 0x00, 0x00, 0x00, 0x00, 0x00, 0x00, 0x00, 0x00, 0x00, 0x00, 0x00, 0x00, 0x00, 0x00, 0x00, 0x00, 0x00, 0x00, 0x00, 0x00, 0x00, 0x00, 0x00,
  0x00, 0x00, 0x00, 0x00, 0x00, 0x00, 0x00, 0x0c, 0xfd, 0x00, 0x00, 0x5f, 0xfc, 0x00, 0x0c, 0xfd, 0x00, 0x01, 0xef, 0xe2, 0x00, 0x0c, 0xfd, 0x00,
  0x0b, 0xff, 0x60, 0x00, 0x0c, 0xfd, 0x00, 0x7f, 0xf9, 0x00, 0x00, 0x0c, 0xfd, 0x03, 0xef, 0xc0, 0x00, 0x00, 0x0c, 0xfd, 0x1d, 0xfe, 0x20, 0x00,
  0x00, 0x0c, 0xfd, 0xaf, 0xf6, 0x00, 0x00, 0x00, 0x0c, 0xfe, 0xff, 0xf3, 0x00, 0x00, 0x00, 0x0c, 0xff, 0xff, 0xfc, 0x00, 0x00, 0x00, 0x0c, 0xff,
  0xe9, 0xff, 0x60, 0x00, 0x00, 0x0c, 0xff, 0x50, 0xdf, 0xe1, 0x00, 0x00, 0x0c, 0xfd, 0x00, 0x5f, 0xf9, 0x00, 0x00, 0x0c, 0xfd, 0x00, 0x0b, 0xff,
  0x40, 0x00, 0x0c, 0xfd, 0x00, 0x02, 0xef, 0xc0, 0x00, 0x0c, 0xfd, 0x00, 0x00, 0x8f, 0xf7, 0x00, 0x0c, 0xfd, 0x00, 0x00, 0x0d, 0xfe, 0x20, 0x00,
  0x00, 0x00, 0x00, 0x00, 0x00, 0x00, 0x00, 0x00, 0x00, 0x00, 0x00, 0x00, 0x00, 0x00, 0x00, 0x00, 0x00, 0x00, 0x00, 0x00, 0x00, 0x00, 0x00, 0x00,
  0x00, 0x00, 0x00, 0x00, 0x00, 0x00, 0x00, 0x00, 0x00, 0x00, 0x00, 0x00, 0x00, 0x00, 0x00, 0x00, 0x00, 0x00, 0x00, 0x00, 0x00, 0x00, 0x00, 0x00,
  0x00, 0x00, 0x00, 0x00, 0x00, 0x00, 0x00, 0x00, 0x00, 0x00, 0x00, 0x00, 0x00, 0x00, 0x00, 0x00, 0x00, 0x00, 0x00, 0x00, 0x00, 0x00, 0x00, 0x00,
  0x00, 0x00, 0x00, 0x00, 0x00, 0x00, 0x00, 0x00, 0x00, 0x00, 0x00, 0x00, 0x00, 0x00, 0x00, 0x00, 0x00, 0x00, 0x00, 0x00, 0x00, 0x00, 0x00, 0x00,
  0x00, 0x00, 0xdf, 0xc0, 0x00, 0x00, 0x00, 0x00, 0x00, 0xdf, 0xc0, 0x00, 0x00, 0x00, 0x00, 0x00, 0xdf, 0xc0, 0x00, 0x00, 0x00, 0x00, 0x00, 0xdf,
  0xc0, 0x00, 0x00, 0x00, 0x00, 0x00, 0xdf, 0xc0, 0x00, 0x00, 0x00, 0x00, 0x00, 0xdf, 0xc0, 0x00, 0x00, 0x00, 0x00, 0x00, 0xdf, 0xc0, 0x00, 0x00,
  0x00, 0x00, 0x00, 0xdf, 0xc0, 0x00, 0x00, 0x00, 0x00, 0x00, 0xdf, 0xc0, 0x00, 0x00, 0x00, 0x00, 0x00, 0xdf, 0xc0, 0x00, 0x00, 0x00, 0x00, 0x00,
  0xdf, 0xc0, 0x00, 0x00, 0x00, 0x00, 0x00, 0xdf, 0xc0, 0x00, 0x00, 0x00, 0x00, 0x00, 0xdf, 0xc0, 0x00, 0x00, 0x00, 0x00, 0x00, 0xdf, 0xd7, 0x77,
  0x77, 0x77, 0x00, 0x00, 0xdf, 0xff, 0xff, 0xff, 0xfe, 0x00, 0x00, 0xdf, 0xff, 0xff, 0xff, 0xfe, 0x00, 0x00, 0x00, 0x00, 0x00, 0x00, 0x00, 0x00,
  0x00, 0x00, 0x00, 0x00, 0x00, 0x00, 0x00, 0x00, 0x00, 0x00, 0x00, 0x00, 0x00, 0x00, 0x00, 0x00, 0x00, 0x00, 0x00, 0x00, 0x00, 0x00, 0x00, 0x00,
  0x00, 0x00, 0x00, 0x00, 0x00, 0x00, 0x00, 0x00, 0x00, 0x00, 0x00, 0x00, 0x00, 0x00, 0x00, 0x00, 0x00, 0x00, 0x00, 0x00, 0x00, 0x00, 0x00, 0x00,
  0x00, 0x00, 0x00, 0x00, 0x00, 0x00, 0x00, 0x00, 0x00, 0x00, 0x00, 0x00, 0x00, 0x00, 0x00, 0x00, 0x00, 0x00, 0x00, 0x00, 0x00, 0x00, 0x00, 0x00,
  0x00, 0x00, 0x00, 0x00, 0x00, 0x00, 0x00, 0x00, 0x00, 0x00, 0x00, 0x00, 0x00, 0x00, 0x00, 0x00, 0x00, 0x00, 0x00, 0x0e, 0xff, 0x60, 0x00, 0x3f,
  0xff, 0x20, 0x0e, 0xff, 0xa0, 0x00, 0x7f, 0xff, 0x20, 0x0e, 0xff, 0xd0, 0x00, 0xaf, 0xff, 0x20, 0x0e, 0xff, 0xf2, 0x00, 0xef, 0xff, 0x20, 0x0e,
  0xff, 0xf6, 0x03, 0xff, 0xff, 0x20, 0x0e, 0xfc, 0xf9, 0x06, 0xfc, 0xff, 0x20, 0x0e, 0xf9, 0xed, 0x0a, 0xf9, 0xff, 0x20, 0x0e, 0xf8, 0xcf, 0x1d,
  0xe5, 0xff, 0x20, 0x0e, 0xf8, 0x8f, 0x8f, 0xb5, 0xff, 0x20, 0x0e, 0xf8, 0x5f, 0xef, 0x85, 0xff, 0x20, 0x0e, 0xf8, 0x1f, 0xff, 0x45, 0xff, 0x20,
  0x0e, 0xf8, 0x0d, 0xfe, 0x15, 0xff, 0x20, 0x0e, 0xf8, 0x09, 0xfc, 0x05, 0xff, 0x20, 0x0e, 0xf8, 0x05, 0xd8, 0x05, 0xff, 0x20, 0x0e, 0xf8, 0x00,
  0x00, 0x05, 0xff, 0x20, 0x0e, 0xf8, 0x00, 0x00, 0x05, 0xff, 0x20, 0x00, 0x00, 0x00, 0x00, 0x00, 0x00, 0x00, 0x00, 0x00, 0x00, 0x00, 0x00, 0x00,
  0x00, 0x00, 0x00, 0x00, 0x00, 0x00, 0x00, 0x00, 0x00, 0x00, 0x00, 0x00, 0x00, 0x00, 0x00, 0x00, 0x00, 0x00, 0x00, 0x00, 0x00, 0x00, 0x00, 0x00,
  0x00, 0x00, 0x00, 0x00, 0x00, 0x00, 0x00, 0x00, 0x00, 0x00, 0x00, 0x00, 0x00, 0x00, 0x00, 0x00, 0x00, 0x00, 0x00, 0x00, 0x00, 0x00, 0x00, 0x00,
  0x00, 0x00, 0x00, 0x00, 0x00, 0x00, 0x00, 0x00, 0x00, 0x00, 0x00, 0x00, 0x00, 0x00, 0x00, 0x00, 0x00, 0x00, 0x00, 0x00, 0x00, 0x00, 0x00, 0x00,
  0x00, 0x00, 0x00, 0x00, 0x00, 0x00, 0x00, 0x00, 0x00, 0x00, 0x00, 0x00, 0x00, 0x08, 0xff, 0x80, 0x00, 0x0d, 0xfb, 0x00, 0x08, 0xff, 0xe0, 0x00,
  0x0d, 0xfb, 0x00, 0x08, 0xff, 0xf6, 0x00, 0x0d, 0xfb, 0x00, 0x08, 0xff, 0xfc, 0x00, 0x0d, 0xfb, 0x00, 0x08, 0xff, 0xef, 0x30, 0x0d, 0xfb, 0x00,
  0x08, 0xff, 0x9f, 0x90, 0x0d, 0xfb, 0x00, 0x08, 0xff, 0x3e, 0xe1, 0x0d, 0xfb, 0x00, 0x08, 0xff, 0x1a, 0xf6, 0x0d, 0xfb, 0x00, 0x08, 0xff, 0x14,
  0xfc, 0x0d, 0xfb, 0x00, 0x08, 0xff, 0x10, 0xdf, 0x4d, 0xfb, 0x00, 0x08, 0xff, 0x10, 0x6f, 0xad, 0xfb, 0x00, 0x08, 0xff, 0x10, 0x1e, 0xee, 0xfb,
  0x00, 0x08, 0xff, 0x10, 0x09, 0xff, 0xfb, 0x00, 0x08, 0xff, 0x10, 0x03, 0xff, 0xfb, 0x00, 0x08, 0xff, 0x10, 0x00, 0xbf, 0xfb, 0x00, 0x08, 0xff,
  0x10, 0x00, 0x5f, 0xfb, 0x00, 0x00, 0x00, 0x00, 0x00, 0x00, 0x00, 0x00, 0x00, 0x00, 0x00, 0x00, 0x00, 0x00, 0x00, 0x00, 0x00, 0x00, 0x00, 0x00,
  0x00, 0x00, 0x00, 0x00, 0x00, 0x00, 0x00, 0x00, 0x00, 0x00, 0x00, 0x00, 0x00, 0x00, 0x00, 0x00, 0x00, 0x00, 0x00, 0x00, 0x00, 0x00, 0x00, 0x00,
  0x00, 0x00, 0x00, 0x00, 0x00, 0x00, 0x00, 0x00, 0x00, 0x00, 0x00, 0x00, 0x00, 0x00, 0x00, 0x00, 0x00, 0x00, 0x00, 0x00, 0x00, 0x00, 0x00, 0x00,
  0x00, 0x00, 0x00, 0x00, 0x00, 0x00, 0x00, 0x00, 0x00, 0x00, 0x00, 0x00, 0x00, 0x00, 0x00, 0x00, 0x00, 0x00, 0x00, 0x00, 0x00, 0x00, 0x00, 0x00,
  0x00, 0x00, 0x00, 0x00, 0x00, 0x00, 0x00, 0x00, 0x01, 0x9d, 0xed, 0xa3, 0x00, 0x00, 0x00, 0x3e, 0xff, 0xff, 0xfe, 0x60, 0x00, 0x00, 0xdf, 0xf9,
  0x57, 0xef, 0xe2, 0x00, 0x07, 0xff, 0x70, 0x00, 0x4f, 0xfa, 0x00, 0x0c, 0xfe, 0x00, 0x00, 0x0c, 0xfe, 0x00, 0x0e, 0xfb, 0x00, 0x00, 0x08, 0xff,
  0x30, 0x2f, 0xf9, 0x00, 0x00, 0x06, 0xff, 0x50, 0x3f, 0xf8, 0x00, 0x00, 0x05, 0xff, 0x60, 0x3f, 0xf8, 0x00, 0x00, 0x05, 0xff, 0x60, 0x2f, 0xf9,
  0x00, 0x00, 0x06, 0xff, 0x50, 0x0e, 0xfb, 0x00, 0x00, 0x08, 0xff, 0x30, 0x0c, 0xfe, 0x00, 0x00, 0x0c, 0xfe, 0x00, 0x07, 0xff, 0x70, 0x00, 0x4f,
  0xfa, 0x00, 0x01, 0xdf, 0xf9, 0x57, 0xef, 0xe2, 0x00, 0x00, 0x3e, 0xff, 0xff, 0xfe, 0x60, 0x00, 0x00, 0x02, 0x9d, 0xed, 0xa3, 0x00, 0x00, 0x00,
  0x00, 0x00, 0x00, 0x00, 0x00, 0x00, 0x00, 0x00, 0x00, 0x00, 0x00, 0x00, 0x00, 0x00, 0x00, 0x00, 0x00, 0x00, 0x00, 0x00, 0x00, 0x00, 0x00, 0x00,
  0x00, 0x00, 0x00, 0x00, 0x00, 0x00, 0x00, 0x00, 0x00, 0x00, 0x00, 0x00, 0x00, 0x00, 0x00, 0x00, 0x00, 0x00, 0x00, 0x00, 0x00, 0x00, 0x00, 0x00,
  0x00, 0x00, 0x00, 0x00, 0x00, 0x00, 0x00, 0x00, 0x00, 0x00, 0x00, 0x00, 0x00, 0x00, 0x00, 0x00, 0x00, 0x00, 0x00, 0x00, 0x00, 0x00, 0x00, 0x00,
  0x00, 0x00, 0x00, 0x00, 0x00, 0x00, 0x00, 0x00, 0x00, 0x00, 0x00, 0x00, 0x00, 0x00, 0x00, 0x00, 0x00, 0x00, 0x00, 0x00, 0x00, 0x00, 0x00, 0x00,
  0x00, 0x03, 0xff, 0xff, 0xfd, 0xb5, 0x00, 0x00, 0x03, 0xff, 0xff, 0xff, 0xff, 0xa0, 0x00, 0x03, 0xff, 0xa4, 0x57, 0xdf, 0xf8, 0x00, 0x03, 0xff,
  0x80, 0x00, 0x1e, 0xfe, 0x00, 0x03, 0xff, 0x80, 0x00, 0x0a, 0xff, 0x10, 0x03, 0xff, 0x80, 0x00, 0x0a, 0xff, 0x10, 0x03, 0xff, 0x80, 0x00, 0x1e,
  0xfe, 0x00, 0x03, 0xff, 0xa4, 0x57, 0xdf, 0xf8, 0x00, 0x03, 0xff, 0xff, 0xff, 0xff, 0xb0, 0x00, 0x03, 0xff, 0xff, 0xfd, 0xb5, 0x00, 0x00, 0x03,
  0xff, 0x80, 0x00, 0x00, 0x00, 0x00, 0x03, 0xff, 0x80, 0x00, 0x00, 0x00, 0x00, 0x03, 0xff, 0x80, 0x00, 0x00, 0x00, 0x00, 0x03, 0xff, 0x80, 0x00,
  0x00, 0x00, 0x00, 0x03, 0xff, 0x80, 0x00, 0x00, 0x00, 0x00, 0x03, 0xff, 0x80, 0x00, 0x00, 0x00, 0x00, 0x00, 0x00, 0x00, 0x00, 0x00, 0x00, 0x00,
  0x00, 0x00, 0x00, 0x00, 0x00, 0x00, 0x00, 0x00, 0x00, 0x00, 0x00, 0x00, 0x00, 0x00, 0x00, 0x00, 0x00, 0x00, 0x00, 0x00, 0x00, 0x00, 0x00, 0x00,
  0x00, 0x00, 0x00, 0x00, 0x00, 0x00, 0x00, 0x00, 0x00, 0x00, 0x00, 0x00, 0x00, 0x00, 0x00, 0x00, 0x00, 0x00, 0x00, 0x00, 0x00, 0x00, 0x00, 0x00,
  0x00, 0x00, 0x00, 0x00, 0x00, 0x00, 0x00, 0x00, 0x00, 0x00, 0x00, 0x00, 0x00, 0x00, 0x00, 0x00, 0x00, 0x00, 0x00, 0x00, 0x00, 0x00, 0x00, 0x00,
  0x00, 0x00, 0x00, 0x00, 0x00, 0x00, 0x00, 0x00, 0x00, 0x00, 0x00, 0x00, 0x00, 0x00, 0x00, 0x00, 0x00, 0x00, 0x00, 0x00, 0x01, 0x9d, 0xed, 0xa3,
  0x00, 0x00, 0x00, 0x3e, 0xff, 0xff, 0xfe, 0x60, 0x00, 0x00, 0xdf, 0xfb, 0x8a, 0xff, 0xe2, 0x00, 0x07, 0xff, 0x90, 0x00, 0x6f, 0xfa, 0x00, 0x0c,
  0xfe, 0x10, 0x00, 0x0d, 0xfe, 0x00, 0x0e, 0xfb, 0x00, 0x00, 0x08, 0xff, 0x30, 0x2f, 0xf9, 0x00, 0x00, 0x06, 0xff, 0x50, 0x3f, 0xf8, 0x00, 0x00,
  0x05, 0xff, 0x60, 0x3f, 0xf8, 0x00, 0x00, 0x05, 0xff, 0x60, 0x2f, 0xf9, 0x00, 0x00, 0x06, 0xff, 0x40, 0x0e, 0xfb, 0x02, 0x63, 0x08, 0xff, 0x30,
  0x0c, 0xfe, 0x03, 0xfc, 0x0b, 0xfe, 0x00, 0x07, 0xff, 0x70, 0xde, 0x5f, 0xfa, 0x00, 0x01, 0xdf, 0xfa, 0xcf, 0xff, 0xe3, 0x00, 0x00, 0x3e, 0xff,
  0xff, 0xfe, 0x60, 0x00, 0x00, 0x02, 0x9d, 0xef, 0xf3, 0x00, 0x00, 0x00, 0x00, 0x00, 0x0b, 0xf3, 0x00, 0x00, 0x00, 0x00, 0x00, 0x07, 0xf7, 0x00,
  0x00, 0x00, 0x00, 0x00, 0x02, 0x75, 0x00, 0x00, 0x00, 0x00, 0x00, 0x00, 0x00, 0x00, 0x00, 0x00, 0x00, 0x00, 0x00, 0x00, 0x00, 0x00, 0x00, 0x00,
  0x00, 0x00, 0x00, 0x00, 0x00, 0x00, 0x00, 0x00, 0x00, 0x00, 0x00, 0x00, 0x00, 0x00, 0x00, 0x00, 0x00, 0x00, 0x00, 0x00, 0x00, 0x00, 0x00, 0x00,
  0x00, 0x00, 0x00, 0x00, 0x00, 0x00, 0x00, 0x00, 0x00, 0x00, 0x00, 0x00, 0x00, 0x00, 0x00, 0x00, 0x00, 0x00, 0x00, 0x00, 0x00, 0x00, 0x00, 0x00,
  0x00, 0x00, 0x00, 0x00, 0x00, 0x00, 0x00, 0x00, 0x00, 0x00, 0x00, 0x00, 0x00, 0x08, 0xff, 0xff, 0xed, 0xa3, 0x00, 0x00, 0x08, 0xff, 0xff, 0xff,
  0xfe, 0x60, 0x00, 0x08, 0xff, 0x64, 0x59, 0xef, 0xe2, 0x00, 0x08, 0xff, 0x20, 0x00, 0x7f, 0xf8, 0x00, 0x08, 0xff, 0x20, 0x00, 0x2f, 0xfa, 0x00,
  0x08, 0xff, 0x20, 0x00, 0x2f, 0xf9, 0x00, 0x08, 0xff, 0x20, 0x00, 0x7f, 0xf5, 0x00, 0x08, 0xff, 0x64, 0x58, 0xef, 0xb0, 0x00, 0x08, 0xff, 0xff,
  0xff, 0xf9, 0x00, 0x00, 0x08, 0xff, 0xff, 0xff, 0xfe, 0x80, 0x00, 0x08, 0xff, 0x20, 0x02, 0xbf, 0xf4, 0x00, 0x08, 0xff, 0x20, 0x00, 0x4f, 0xf7,
  0x00, 0x08, 0xff, 0x20, 0x00, 0x1f, 0xf9, 0x00, 0x08, 0xff, 0x20, 0x00, 0x0f, 0xfa, 0x00, 0x08, 0xff, 0x20, 0x00, 0x0e, 0xfb, 0x00, 0x08, 0xff,
  0x20, 0x00, 0x0c, 0xfd, 0x00, 0x00, 0x00, 0x00, 0x00, 0x00, 0x00, 0x00, 0x00, 0x00, 0x00, 0x00, 0x00, 0x00, 0x00, 0x00, 0x00, 0x00, 0x00, 0x00,
  0x00, 0x00, 0x00, 0x00, 0x00, 0x00, 0x00, 0x00, 0x00, 0x00, 0x00, 0x00, 0x00, 0x00, 0x00, 0x00, 0x00, 0x00, 0x00, 0x00, 0x00, 0x00, 0x00, 0x00,
  0x00, 0x00, 0x00, 0x00, 0x00, 0x00, 0x00, 0x00, 0x00, 0x00, 0x00, 0x00, 0x00, 0x00, 0x00, 0x00, 0x00, 0x00, 0x00, 0x00, 0x00, 0x00, 0x00, 0x00,
  0x00, 0x00, 0x00, 0x00, 0x00, 0x00, 0x00, 0x00, 0x00, 0x00, 0x00, 0x00, 0x00, 0x00, 0x00, 0x00, 0x00, 0x00, 0x00, 0x00, 0x00, 0x00, 0x00, 0x00,
  0x00, 0x00, 0x00, 0x00, 0x00, 0x00, 0x00, 0x00, 0x04, 0xad, 0xed, 0xa4, 0x00, 0x00, 0x00, 0x8f, 0xff, 0xff, 0xff, 0x70, 0x00, 0x03, 0xff, 0xd7,
  0x58, 0xef, 0xf4, 0x00, 0x09, 0xff, 0x40, 0x00, 0x4f, 0xfa, 0x00, 0x0a, 0xff, 0x10, 0x00, 0x0d, 0xfe, 0x00, 0x09, 0xff, 0x80, 0x00, 0x00, 0x00,
  0x00, 0x04, 0xff, 0xfc, 0x73, 0x00, 0x00, 0x00, 0x00, 0x7e, 0xff, 0xff, 0xd7, 0x00, 0x00, 0x00, 0x02, 0x8d, 0xff, 0xff, 0xc2, 0x00, 0x00, 0x00,
  0x00, 0x28, 0xef, 0xfb, 0x00, 0x07, 0x75, 0x00, 0x00, 0x1d, 0xff, 0x20, 0x0d, 0xfe, 0x00, 0x00, 0x08, 0xff, 0x30, 0x09, 0xff, 0x70, 0x00, 0x0a,
  0xff, 0x20, 0x02, 0xef, 0xfa, 0x55, 0xaf, 0xfb, 0x00, 0x00, 0x5e, 0xff, 0xff, 0xff, 0xd2, 0x00, 0x00, 0x02, 0x9d, 0xee, 0xc7, 0x00, 0x00, 0x00,
  0x00, 0x00, 0x00, 0x00, 0x00, 0x00, 0x00, 0x00, 0x00, 0x00, 0x00, 0x00, 0x00, 0x00, 0x00, 0x00, 0x00, 0x00, 0x00, 0x00, 0x00, 0x00, 0x00, 0x00,
  0x00, 0x00, 0x00, 0x00, 0x00, 0x00, 0x00, 0x00, 0x00, 0x00, 0x00, 0x00, 0x00, 0x00, 0x00, 0x00, 0x00, 0x00, 0x00, 0x00, 0x00, 0x00, 0x00, 0x00,
  0x00, 0x00, 0x00, 0x00, 0x00, 0x00, 0x00, 0x00, 0x00, 0x00, 0x00, 0x00, 0x00, 0x00, 0x00, 0x00, 0x00, 0x00, 0x00, 0x00, 0x00, 0x00, 0x00, 0x00,
  0x00, 0x00, 0x00, 0x00, 0x00, 0x00, 0x00, 0x00, 0x00, 0x00, 0x00, 0x00, 0x00, 0x00, 0x00, 0x00, 0x00, 0x00, 0x00, 0x00, 0x00, 0x00, 0x00, 0x00,
  0x00, 0x1f, 0xff, 0xff, 0xff, 0xff, 0xff, 0x40, 0x1f, 0xff, 0xff, 0xff, 0xff, 0xff, 0x40, 0x04, 0x44, 0x4c, 0xfe, 0x44, 0x44, 0x10, 0x00, 0x00,
  0x0b, 0xfe, 0x00, 0x00, 0x00, 0x00, 0x00, 0x0b, 0xfe, 0x00, 0x00, 0x00, 0x00, 0x00, 0x0b, 0xfe, 0x00, 0x00, 0x00, 0x00, 0x00, 0x0b, 0xfe, 0x00,
  0x00, 0x00, 0x00, 0x00, 0x0b, 0xfe, 0x00, 0x00, 0x00, 0x00, 0x00, 0x0b, 0xfe, 0x00, 0x00, 0x00, 0x00, 0x00, 0x0b, 0xfe, 0x00, 0x00, 0x00, 0x00,
  0x00, 0x0b, 0xfe, 0x00, 0x00, 0x00, 0x00, 0x00, 0x0b, 0xfe, 0x00, 0x00, 0x00, 0x00, 0x00, 0x0b, 0xfe, 0x00, 0x00, 0x00, 0x00, 0x00, 0x0b, 0xfe,
  0x00, 0x00, 0x00, 0x00, 0x00, 0x0b, 0xfe, 0x00, 0x00, 0x00, 0x00, 0x00, 0x0b, 0xfe, 0x00, 0x00, 0x00, 0x00, 0x00, 0x00, 0x00, 0x00, 0x00, 0x00,
  0x00, 0x00, 0x00, 0x00, 0x00, 0x00, 0x00, 0x00, 0x00, 0x00, 0x00, 0x00, 0x00, 0x00, 0x00, 0x00, 0x00, 0x00, 0x00, 0x00, 0x00, 0x00, 0x00, 0x00,
  0x00, 0x00, 0x00, 0x00, 0x00, 0x00, 0x00, 0x00, 0x00, 0x00, 0x00, 0x00, 0x00, 0x00, 0x00, 0x00, 0x00, 0x00, 0x00, 0x00, 0x00, 0x00, 0x00, 0x00,
  0x00, 0x00, 0x00, 0x00, 0x00, 0x00, 0x00, 0x00, 0x00, 0x00, 0x00, 0x00, 0x00, 0x00, 0x00, 0x00, 0x00, 0x00, 0x00, 0x00, 0x00, 0x00, 0x00, 0x00,
  0x00, 0x00, 0x00, 0x00, 0x00, 0x00, 0x00, 0x00, 0x00, 0x00, 0x00, 0x00, 0x00, 0x00, 0x00, 0x00, 0x00, 0x00, 0x00, 0x0b, 0xfe, 0x00, 0x00, 0x0b,
  0xfe, 0x00, 0x0b, 0xfe, 0x00, 0x00, 0x0b, 0xfe, 0x00, 0x0b, 0xfe, 0x00, 0x00, 0x0b, 0xfe, 0x00, 0x0b, 0xfe, 0x00, 0x00, 0x0b, 0xfe, 0x00, 0x0b,
  0xfe, 0x00, 0x00, 0x0b, 0xfe, 0x00, 0x0b, 0xfe, 0x00, 0x00, 0x0b, 0xfe, 0x00, 0x0b, 0xfe, 0x00, 0x00, 0x0b, 0xfe, 0x00, 0x0b, 0xfe, 0x00, 0x00,
  0x0b, 0xfe, 0x00, 0x0b, 0xfe, 0x00, 0x00, 0x0b, 0xfe, 0x00, 0x0b, 0xfe, 0x00, 0x00, 0x0b, 0xfe, 0x00, 0x0b, 0xfe, 0x00, 0x00, 0x0b, 0xfe, 0x00,
  0x09, 0xff, 0x10, 0x00, 0x0d, 0xfc, 0x00, 0x06, 0xff, 0x60, 0x00, 0x4f, 0xf9, 0x00, 0x01, 0xef, 0xe8, 0x57, 0xef, 0xe3, 0x00, 0x00, 0x4e, 0xff,
  0xff, 0xff, 0x70, 0x00, 0x00, 0x02, 0x9d, 0xed, 0xa4, 0x00, 0x00, 0x00, 0x00, 0x00, 0x00, 0x00, 0x00, 0x00, 0x00, 0x00, 0x00, 0x00, 0x00, 0x00,
  0x00, 0x00, 0x00, 0x00, 0x00, 0x00, 0x00, 0x00, 0x00, 0x00, 0x00, 0x00, 0x00, 0x00, 0x00, 0x00, 0x00, 0x00, 0x00, 0x00, 0x00, 0x00, 0x00, 0x00,
  0x00, 0x00, 0x00, 0x00, 0x00, 0x00, 0x00, 0x00, 0x00, 0x00, 0x00, 0x00, 0x00, 0x00, 0x00, 0x00, 0x00, 0x00, 0x00, 0x00, 0x00, 0x00, 0x00, 0x00,
  0x00, 0x00, 0x00, 0x00, 0x00, 0x00, 0x00, 0x00, 0x00, 0x00, 0x00, 0x00, 0x00, 0x00, 0x00, 0x00, 0x00, 0x00, 0x00, 0x00, 0x00, 0x00, 0x00, 0x00,
  0x00, 0x00, 0x00, 0x00, 0x00, 0x00, 0x00, 0x00, 0x00, 0x00, 0x00, 0x00, 0x00, 0x4f, 0xf8, 0x00, 0x00, 0x05, 0xff, 0x70, 0x0e, 0xfc, 0x00, 0x00,
  0x09, 0xff, 0x30, 0x0b, 0xfe, 0x10, 0x00, 0x0d, 0xfe, 0x00, 0x07, 0xff, 0x50, 0x00, 0x2f, 0xfa, 0x00, 0x02, 0xff, 0x90, 0x00, 0x6f, 0xf5, 0x00,
  0x00, 0xdf, 0xd0, 0x00, 0xaf, 0xe1, 0x00, 0x00, 0x9f, 0xf2, 0x00, 0xef, 0xc0, 0x00, 0x00, 0x4f, 0xf6, 0x03, 0xff, 0x70, 0x00, 0x00, 0x0e, 0xfa,
  0x07, 0xff, 0x30, 0x00, 0x00, 0x0b, 0xfe, 0x0b, 0xfe, 0x00, 0x00, 0x00, 0x06, 0xff, 0x3e, 0xf9, 0x00, 0x00, 0x00, 0x02, 0xff, 0xbf, 0xf5, 0x00,
  0x00, 0x00, 0x00, 0xdf, 0xff, 0xe1, 0x00, 0x00, 0x00, 0x00, 0x8f, 0xff, 0xb0, 0x00, 0x00, 0x00, 0x00, 0x4f, 0xff, 0x70, 0x00, 0x00, 0x00, 0x00,
  0x0e, 0xff, 0x30, 0x00, 0x00, 0x00, 0x00, 0x00, 0x00, 0x00, 0x00, 0x00, 0x00, 0x00, 0x00, 0x00, 0x00, 0x00, 0x00, 0x00, 0x00, 0x00, 0x00, 0x00,
  0x00, 0x00, 0x00, 0x00, 0x00, 0x00, 0x00, 0x00, 0x00, 0x00, 0x00, 0x00, 0x00, 0x00, 0x00, 0x00, 0x00, 0x00, 0x00, 0x00, 0x00, 0x00, 0x00, 0x00,
  0x00, 0x00, 0x00, 0x00, 0x00, 0x00, 0x00, 0x00, 0x00, 0x00, 0x00, 0x00, 0x00, 0x00, 0x00, 0x00, 0x00, 0x00, 0x00, 0x00, 0x00, 0x00, 0x00, 0x00,
  0x00, 0x00, 0x00, 0x00, 0x00, 0x00, 0x00, 0x00, 0x00, 0x00, 0x00, 0x00, 0x00, 0x00, 0x00, 0x00, 0x00, 0x00, 0x00, 0x00, 0x00, 0x00, 0x00, 0x00,
  0x00, 0x00, 0x00, 0x00, 0x00, 0x00, 0x00, 0x5f, 0xf3, 0x00, 0x00, 0x00, 0xff, 0x80, 0x4f, 0xf5, 0x01, 0x21, 0x02, 0xff, 0x70, 0x2f, 0xf6, 0x07,
  0xfa, 0x03, 0xff, 0x50, 0x1f, 0xf7, 0x09, 0xfc, 0x04, 0xff, 0x30, 0x0e, 0xf8, 0x0b, 0xfe, 0x05, 0xff, 0x20, 0x0c, 0xfa, 0x0d, 0xff, 0x17, 0xff,
  0x00, 0x0b, 0xfb, 0x0f, 0xff, 0x38, 0xfe, 0x00, 0x09, 0xfc, 0x2f, 0xdf, 0x59, 0xfc, 0x00, 0x08, 0xfd, 0x4f, 0x9f, 0x7b, 0xfb, 0x00, 0x06, 0xfe,
  0x6f, 0x5f, 0x9c, 0xf9, 0x00, 0x05, 0xff, 0x9f, 0x2e, 0xbd, 0xf8, 0x00, 0x03, 0xff, 0xde, 0x0c, 0xde, 0xf6, 0x00, 0x02, 0xff, 0xfc, 0x0a, 0xff,
  0xf5, 0x00, 0x00, 0xff, 0xfa, 0x07, 0xff, 0xf3, 0x00, 0x00, 0xef, 0xf8, 0x05, 0xff, 0xf2, 0x00, 0x00, 0xcf, 0xf6, 0x03, 0xff, 0xf0, 0x00, 0x00,
  0x00, 0x00, 0x00, 0x00, 0x00, 0x00, 0x00, 0x00, 0x00, 0x00, 0x00, 0x00, 0x00, 0x00, 0x00, 0x00, 0x00, 0x00, 0x00, 0x00, 0x00, 0x00, 0x00, 0x00,
  0x00, 0x00, 0x00, 0x00, 0x00, 0x00, 0x00, 0x00, 0x00, 0x00, 0x00, 0x00, 0x00, 0x00, 0x00, 0x00, 0x00, 0x00, 0x00, 0x00, 0x00, 0x00, 0x00, 0x00,
  0x00, 0x00, 0x00, 0x00, 0x00, 0x00, 0x00, 0x00, 0x00, 0x00, 0x00, 0x00, 0x00, 0x00, 0x00, 0x00, 0x00, 0x00, 0x00, 0x00, 0x00, 0x00, 0x00, 0x00,
  0x00, 0x00, 0x00, 0x00, 0x00, 0x00, 0x00, 0x00, 0x00, 0x00, 0x00, 0x00, 0x00, 0x00, 0x00, 0x00, 0x00, 0x00, 0x00, 0x00, 0x00, 0x00, 0x00, 0x00,
  0x00, 0x0c, 0xff, 0x20, 0x00, 0x0d, 0xfe, 0x00, 0x04, 0xff, 0x90, 0x00, 0x5f, 0xf8, 0x00, 0x00, 0xcf, 0xe1, 0x00, 0xcf, 0xe1, 0x00, 0x00, 0x5f,
  0xf7, 0x04, 0xff, 0x80, 0x00, 0x00, 0x0d, 0xfd, 0x0a, 0xfe, 0x10, 0x00, 0x00, 0x06, 0xff, 0x8f, 0xf9, 0x00, 0x00, 0x00, 0x00, 0xdf, 0xff, 0xe2,
  0x00, 0x00, 0x00, 0x00, 0x6f, 0xff, 0xa0, 0x00, 0x00, 0x00, 0x00, 0x6f, 0xff, 0x90, 0x00, 0x00, 0x00, 0x00, 0xdf, 0xff, 0xe2, 0x00, 0x00, 0x00,
  0x06, 0xff, 0x9f, 0xf9, 0x00, 0x00, 0x00, 0x0d, 0xfd, 0x0b, 0xfe, 0x10, 0x00, 0x00, 0x6f, 0xf6, 0x04, 0xff, 0x80, 0x00, 0x00, 0xdf, 0xe0, 0x00,
  0xcf, 0xe1, 0x00, 0x05, 0xff, 0x70, 0x00, 0x5f, 0xf8, 0x00, 0x0d, 0xfe, 0x10, 0x00, 0x0d, 0xfe, 0x10, 0x00, 0x00, 0x00, 0x00, 0x00, 0x00, 0x00,
  0x00, 0x00, 0x00, 0x00, 0x00, 0x00, 0x00, 0x00, 0x00, 0x00, 0x00, 0x00, 0x00, 0x00, 0x00, 0x00, 0x00, 0x00, 0x00, 0x00, 0x00, 0x00, 0x00, 0x00,
  0x00, 0x00, 0x00, 0x00, 0x00, 0x00, 0x00, 0x00, 0x00, 0x00, 0x00, 0x00, 0x00, 0x00, 0x00, 0x00, 0x00, 0x00, 0x00, 0x00, 0x00, 0x00, 0x00, 0x00,
  0x00, 0x00, 0x00, 0x00, 0x00, 0x00, 0x00, 0x00, 0x00, 0x00, 0x00, 0x00, 0x00, 0x00, 0x00, 0x00, 0x00, 0x00, 0x00, 0x00, 0x00, 0x00, 0x00, 0x00,
  0x00, 0x00, 0x00, 0x00, 0x00, 0x00, 0x00, 0x00, 0x00, 0x00, 0x00, 0x00, 0x00, 0x00, 0x00, 0x00, 0x00, 0x00, 0x00, 0x1e, 0xfd, 0x00, 0x00, 0x0a,
  0xff, 0x30, 0x08, 0xff, 0x50, 0x00, 0x2e, 0xfb, 0x00, 0x01, 0xef, 0xc0, 0x00, 0x9f, 0xf3, 0x00, 0x00, 0x8f, 0xf3, 0x01, 0xef, 0xb0, 0x00, 0x00,
  0x1e, 0xfa, 0x07, 0xff, 0x40, 0x00, 0x00, 0x09, 0xfe, 0x2d, 0xfc, 0x00, 0x00, 0x00, 0x02, 0xef, 0xcf, 0xf5, 0x00, 0x00, 0x00, 0x00, 0xaf, 0xff,
  0xd0, 0x00, 0x00, 0x00, 0x00, 0x2f, 0xff, 0x60, 0x00, 0x00, 0x00, 0x00, 0x0b, 0xfe, 0x00, 0x00, 0x00, 0x00, 0x00, 0x0b, 0xfe, 0x00, 0x00, 0x00,
  0x00, 0x00, 0x0b, 0xfe, 0x00, 0x00, 0x00, 0x00, 0x00, 0x0b, 0xfe, 0x00, 0x00, 0x00, 0x00, 0x00, 0x0b, 0xfe, 0x00, 0x00, 0x00, 0x00, 0x00, 0x0b,
  0xfe, 0x00, 0x00, 0x00, 0x00, 0x00, 0x0b, 0xfe, 0x00, 0x00, 0x00, 0x00, 0x00, 0x00, 0x00, 0x00, 0x00, 0x00, 0x00, 0x00, 0x00, 0x00, 0x00, 0x00,
  0x00, 0x00, 0x00, 0x00, 0x00, 0x00, 0x00, 0x00, 0x00, 0x00, 0x00, 0x00, 0x00, 0x00, 0x00, 0x00, 0x00, 0x00, 0x00, 0x00, 0x00, 0x00, 0x00, 0x00,
  0x00, 0x00, 0x00, 0x00, 0x00, 0x00, 0x00, 0x00, 0x00, 0x00, 0x00, 0x00, 0x00, 0x00, 0x00, 0x00, 0x00, 0x00, 0x00, 0x00, 0x00, 0x00, 0x00, 0x00,
  0x00, 0x00, 0x00, 0x00, 0x00, 0x00, 0x00, 0x00, 0x00, 0x00, 0x00, 0x00, 0x00, 0x00, 0x00, 0x00, 0x00, 0x00, 0x00, 0x00, 0x00, 0x00, 0x00, 0x00,
  0x00, 0x00, 0x00, 0x00, 0x00, 0x00, 0x00, 0x00, 0x00, 0x00, 0x00, 0x00, 0x00, 0x08, 0xff, 0xff, 0xff, 0xff, 0xff, 0x00, 0x08, 0xff, 0xff, 0xff,
  0xff, 0xff, 0x00, 0x02, 0x44, 0x44, 0x44, 0x8f, 0xfc, 0x00, 0x00, 0x00, 0x00, 0x00, 0xdf, 0xe3, 0x00, 0x00, 0x00, 0x00, 0x09, 0xff, 0x70, 0x00,
  0x00, 0x00, 0x00, 0x5f, 0xfc, 0x00, 0x00, 0x00, 0x00, 0x01, 0xdf, 0xe2, 0x00, 0x00, 0x00, 0x00, 0x0a, 0xff, 0x60, 0x00, 0x00, 0x00, 0x00, 0x6f,
  0xfb, 0x00, 0x00, 0x00, 0x00, 0x02, 0xef, 0xe2, 0x00, 0x00, 0x00, 0x00, 0x0b, 0xff, 0x60, 0x00, 0x00, 0x00, 0x00, 0x7f, 0xfa, 0x00, 0x00, 0x00,
  0x00, 0x02, 0xef, 0xd1, 0x00, 0x00, 0x00, 0x00, 0x0c, 0xff, 0x94, 0x44, 0x44, 0x44, 0x00, 0x0e, 0xff, 0xff, 0xff, 0xff, 0xff, 0x20, 0x0e, 0xff,
  0xff, 0xff, 0xff, 0xff, 0x20, 0x00, 0x00, 0x00, 0x00, 0x00, 0x00, 0x00, 0x00, 0x00, 0x00, 0x00, 0x00, 0x00, 0x00, 0x00, 0x00, 0x00, 0x00, 0x00,
  0x00, 0x00, 0x00, 0x00, 0x00, 0x00, 0x00, 0x00, 0x00, 0x00, 0x00, 0x00, 0x00, 0x00, 0x00, 0x00, 0x00, 0x00, 0x00, 0x00, 0x00, 0x00, 0x00, 0x00,
  0x00, 0x00, 0x00, 0x00, 0x00, 0x00, 0x00, 0x00, 0x00, 0x00, 0x00, 0x00, 0x00, 0x00, 0x00, 0x00, 0x00, 0x00, 0x00, 0x00, 0x00, 0x00, 0x00, 0x00,
  0x00, 0x00, 0x00, 0x00, 0x00, 0x00, 0x00, 0x00, 0x00, 0x00, 0x00, 0x00, 0x00, 0x00, 0x00, 0x00, 0x00, 0x00, 0x00, 0x00, 0x00, 0x00, 0x00, 0x00,
  0x00, 0x4f, 0xff, 0xff, 0xff, 0x70, 0x00, 0x00, 0x4f, 0xff, 0xff, 0xff, 0x70, 0x00, 0x00, 0x4f, 0xf8, 0x44, 0x44, 0x20, 0x00, 0x00, 0x4f, 0xf5,
  0x00, 0x00, 0x00, 0x00, 0x00, 0x4f, 0xf5, 0x00, 0x00, 0x00, 0x00, 0x00, 0x4f, 0xf5, 0x00, 0x00, 0x00, 0x00, 0x00, 0x4f, 0xf5, 0x00, 0x00, 0x00,
  0x00, 0x00, 0x4f, 0xf5, 0x00, 0x00, 0x00, 0x00, 0x00, 0x4f, 0xf5, 0x00, 0x00, 0x00, 0x00, 0x00, 0x4f, 0xf5, 0x00, 0x00, 0x00, 0x00, 0x00, 0x4f,
  0xf5, 0x00, 0x00, 0x00, 0x00, 0x00, 0x4f, 0xf5, 0x00, 0x00, 0x00, 0x00, 0x00, 0x4f, 0xf5, 0x00, 0x00, 0x00, 0x00, 0x00, 0x4f, 0xf5, 0x00, 0x00,
  0x00, 0x00, 0x00, 0x4f, 0xf5, 0x00, 0x00, 0x00, 0x00, 0x00, 0x4f, 0xf5, 0x00, 0x00, 0x00, 0x00, 0x00, 0x4f, 0xf8, 0x44, 0x44, 0x20, 0x00, 0x00,
  0x4f, 0xff, 0xff, 0xff, 0x70, 0x00, 0x00, 0x4f, 0xff, 0xff, 0xff, 0x70, 0x00, 0x00, 0x00, 0x00, 0x00, 0x00, 0x00, 0x00, 0x00, 0x00, 0x00, 0x00,
  0x00, 0x00, 0x00, 0x00, 0x00, 0x00, 0x00, 0x00, 0x00, 0x00, 0x00, 0x00, 0x00, 0x00, 0x00, 0x00, 0x00, 0x00, 0x00, 0x00, 0x00, 0x00, 0x00, 0x00,
  0x00, 0x00, 0x00, 0x00, 0x00, 0x00, 0x00, 0x00, 0x00, 0x00, 0x00, 0x00, 0x00, 0x00, 0x00, 0x00, 0x00, 0x00, 0x00, 0x00, 0x00, 0x00, 0x00, 0x00,
  0x00, 0x00, 0x00, 0x00, 0x00, 0x00, 0x00, 0x00, 0x00, 0x00, 0x00, 0x00, 0x00, 0x00, 0x00, 0x00, 0x00, 0x00, 0x00, 0xbf, 0xa0, 0x00, 0x00, 0x00,
  0x00, 0x00, 0x6f, 0xe1, 0x00, 0x00, 0x00, 0x00, 0x00, 0x1e, 0xf5, 0x00, 0x00, 0x00, 0x00, 0x00, 0x0a, 0xfb, 0x00, 0x00, 0x00, 0x00, 0x00, 0x05,
  0xfe, 0x10, 0x00, 0x00, 0x00, 0x00, 0x00, 0xef, 0x60, 0x00, 0x00, 0x00, 0x00, 0x00, 0xaf, 0xb0, 0x00, 0x00, 0x00, 0x00, 0x00, 0x4f, 0xf2, 0x00,
  0x00, 0x00, 0x00, 0x00, 0x0e, 0xf7, 0x00, 0x00, 0x00, 0x00, 0x00, 0x09, 0xfc, 0x00, 0x00, 0x00, 0x00, 0x00, 0x04, 0xff, 0x20, 0x00, 0x00, 0x00,
  0x00, 0x00, 0xdf, 0x70, 0x00, 0x00, 0x00, 0x00, 0x00, 0x8f, 0xd0, 0x00, 0x00, 0x00, 0x00, 0x00, 0x3f, 0xf3, 0x00, 0x00, 0x00, 0x00, 0x00, 0x0d,
  0xf8, 0x00, 0x00, 0x00, 0x00, 0x00, 0x08, 0xfd, 0x00, 0x00, 0x00, 0x00, 0x00, 0x03, 0xff, 0x30, 0x00, 0x00, 0x00, 0x00, 0x00, 0xcf, 0x90, 0x00,
  0x00, 0x00, 0x00, 0x00, 0x7f, 0xd0, 0x00, 0x00, 0x00, 0x00, 0x00, 0x00, 0x00, 0x00, 0x00, 0x00, 0x00, 0x00, 0x00, 0x00, 0x00, 0x00, 0x00, 0x00,
  0x00, 0x00, 0x00, 0x00, 0x00, 0x00, 0x00, 0x00, 0x00, 0x00, 0x00, 0x00, 0x00, 0x00, 0x00, 0x00, 0x00, 0x00, 0x00, 0x00, 0x00, 0x00, 0x00, 0x00,
  0x00, 0x00, 0x00, 0x00, 0x00, 0x00, 0x00, 0x00, 0x00, 0x00, 0x00, 0x00, 0x00, 0x00, 0x00, 0x00, 0x00, 0x00, 0x00, 0x00, 0x00, 0x00, 0x00, 0x00,
  0x00, 0x00, 0x00, 0x00, 0x00, 0x00, 0x00, 0x00, 0x00, 0x00, 0x00, 0x00, 0x00, 0x4f, 0xff, 0xff, 0xff, 0x70, 0x00, 0x00, 0x4f, 0xff, 0xff, 0xff,
  0x70, 0x00, 0x00, 0x14, 0x44, 0x46, 0xff, 0x70, 0x00, 0x00, 0x00, 0x00, 0x02, 0xff, 0x70, 0x00, 0x00, 0x00, 0x00, 0x02, 0xff, 0x70, 0x00, 0x00,
  0x00, 0x00, 0x02, 0xff, 0x70, 0x00, 0x00, 0x00, 0x00, 0x02, 0xff, 0x70, 0x00, 0x00, 0x00, 0x00, 0x02, 0xff, 0x70, 0x00, 0x00, 0x00, 0x00, 0x02,
  0xff, 0x70, 0x00, 0x00, 0x00, 0x00, 0x02, 0xff, 0x70, 0x00, 0x00, 0x00, 0x00, 0x02, 0xff, 0x70, 0x00, 0x00, 0x00, 0x00, 0x02, 0xff, 0x70, 0x00,
  0x00, 0x00, 0x00, 0x02, 0xff, 0x70, 0x00, 0x00, 0x00, 0x00, 0x02, 0xff, 0x70, 0x00, 0x00, 0x00, 0x00, 0x02, 0xff, 0x70, 0x00, 0x00, 0x00, 0x00,
  0x02, 0xff, 0x70, 0x00, 0x00, 0x14, 0x44, 0x46, 0xff, 0x70, 0x00, 0x00, 0x4f, 0xff, 0xff, 0xff, 0x70, 0x00, 0x00, 0x4f, 0xff, 0xff, 0xff, 0x70,
  0x00, 0x00, 0x00, 0x00, 0x00, 0x00, 0x00, 0x00, 0x00, 0x00, 0x00, 0x00, 0x00, 0x00, 0x00, 0x00, 0x00, 0x00, 0x00, 0x00, 0x00, 0x00, 0x00, 0x00,
  0x00, 0x00, 0x00, 0x00, 0x00, 0x00, 0x00, 0x00, 0x00, 0x00, 0x00, 0x00, 0x00, 0x00, 0x00, 0x00, 0x00, 0x00, 0x00, 0x00, 0x00, 0x00, 0x00, 0x00,
  0x00, 0x00, 0x00, 0x00, 0x00, 0x00, 0x00, 0x00, 0x00, 0x00, 0x00, 0x00, 0x00, 0x00, 0x00, 0x00, 0x00, 0x00, 0x00, 0x00, 0x00, 0x00, 0x00, 0x00,
  0x00, 0x00, 0x00, 0x00, 0x00, 0x00, 0x00, 0x00, 0x00, 0x00, 0x00, 0x00, 0x00, 0x00, 0x00, 0x06, 0x77, 0x00, 0x00, 0x00, 0x00, 0x00, 0x3f, 0xff,
  0x60, 0x00, 0x00, 0x00, 0x00, 0x9f, 0xef, 0xc0, 0x00, 0x00, 0x00, 0x01, 0xef, 0x4e, 0xf3, 0x00, 0x00, 0x00, 0x06, 0xfc, 0x09, 0xf9, 0x00, 0x00,
  0x00, 0x0c, 0xf6, 0x03, 0xfe, 0x10, 0x00, 0x00, 0x3f, 0xe1, 0x00, 0xcf, 0x60, 0x00, 0x00, 0x9f, 0xa0, 0x00, 0x7f, 0xc0, 0x00, 0x00, 0x00, 0x00,
  0x00, 0x00, 0x00, 0x00, 0x00, 0x00, 0x00, 0x00, 0x00, 0x00, 0x00, 0x00, 0x00, 0x00, 0x00, 0x00, 0x00, 0x00, 0x00, 0x00, 0x00, 0x00, 0x00, 0x00,
  0x00, 0x00, 0x00, 0x00, 0x00, 0x00, 0x00, 0x00, 0x00, 0x00, 0x00, 0x00, 0x00, 0x00, 0x00, 0x00, 0x00, 0x00, 0x00, 0x00, 0x00, 0x00, 0x00, 0x00,
  0x00, 0x00, 0x00, 0x00, 0x00, 0x00, 0x00, 0x00, 0x00, 0x00, 0x00, 0x00, 0x00, 0x00, 0x00, 0x00, 0x00, 0x00, 0x00, 0x00, 0x00, 0x00, 0x00, 0x00,
  0x00, 0x00, 0x00, 0x00, 0x00, 0x00, 0x00, 0x00, 0x00, 0x00, 0x00, 0x00, 0x00, 0x00, 0x00, 0x00, 0x00, 0x00, 0x00, 0x00, 0x00, 0x00, 0x00, 0x00,
  0x00, 0x00, 0x00, 0x00, 0x00, 0x00, 0x00, 0x00, 0x00, 0x00, 0x00, 0x00, 0x00, 0x00, 0x00, 0x00, 0x00, 0x00, 0x00, 0x00, 0x00, 0x00, 0x00, 0x00,
  0x00, 0x00, 0x00, 0x00, 0x00, 0x00, 0x00, 0x00, 0x00, 0x00, 0x00, 0x00, 0x00, 0x00, 0x00, 0x00, 0x00, 0x00, 0x00, 0x00, 0x00, 0x00, 0x00, 0x00,
  0x00, 0x00, 0x00, 0x00, 0x00, 0x00, 0x00, 0x00, 0x00, 0x00, 0x00, 0x00, 0x00, 0x00, 0x00, 0x00, 0x00, 0x00, 0x00, 0x00, 0x00, 0x00, 0x00, 0x00,
  0x00, 0x00, 0x00, 0x00, 0x00, 0x00, 0x00, 0x00, 0x00, 0x00, 0x00, 0x00, 0x00, 0x00, 0x00, 0x00, 0x00, 0x00, 0x00, 0x00, 0x00, 0x00, 0x00, 0x00,
  0x00, 0x00, 0x00, 0x00, 0x00, 0x00, 0x00, 0x00, 0x00, 0x00, 0x00, 0x00, 0x00, 0x00, 0x00, 0x00, 0x00, 0x00, 0x00, 0x00, 0x00, 0x00, 0x00, 0x00,
  0x00, 0x00, 0x00, 0x00, 0x00, 0x00, 0x00, 0x00, 0x00, 0x00, 0x00, 0x00, 0x00, 0x00, 0x00, 0x00, 0x00, 0x00, 0x00, 0x00, 0x00, 0x00, 0x00, 0x00,
  0x00, 0x00, 0x00, 0x00, 0x00, 0x00, 0x00, 0x00, 0x00, 0x00, 0x00, 0x00, 0x00, 0x00, 0x00, 0x00, 0x02, 0x44, 0x44, 0x44, 0x44, 0x43, 0x00, 0x06,
  0xff, 0xff, 0xff, 0xff, 0xf9, 0x00, 0x06, 0xff, 0xff, 0xff, 0xff, 0xf9, 0x00, 0x00, 0x00, 0x00, 0x00, 0x00, 0x00, 0x00, 0x00, 0x00, 0x00, 0x00,
  0x00, 0x00, 0x00, 0x00, 0x00, 0x00, 0x00, 0x00, 0x00, 0x00, 0x00, 0x00, 0x00, 0x00, 0x00, 0x00, 0x00, 0x00, 0x00, 0x00, 0x00, 0x00, 0x00, 0x00,
  0x00, 0x00, 0x00, 0x00, 0x00, 0x00, 0x00, 0x00, 0x00, 0x00, 0x00, 0x00, 0x00, 0x00, 0x00, 0x00, 0x00, 0x00, 0x00, 0x00, 0x00, 0x00, 0x00, 0x00,
  0x00, 0x00, 0x00, 0x00, 0x00, 0x00, 0x00, 0x00, 0x00, 0x00, 0x00, 0x00, 0x00, 0x00, 0x00, 0x00, 0x00, 0x00, 0x00, 0x00, 0x00, 0x00, 0x00, 0x00,
  0x00, 0x00, 0x00, 0xbf, 0xf9, 0x00, 0x00, 0x00, 0x00, 0x00, 0x4f, 0xfe, 0x00, 0x00, 0x00, 0x00, 0x00, 0x0c, 0xff, 0x40, 0x00, 0x00, 0x00, 0x00,
  0x05, 0xff, 0x90, 0x00, 0x00, 0x00, 0x00, 0x00, 0xdf, 0xe0, 0x00, 0x00, 0x00, 0x00, 0x00, 0x00, 0x00, 0x00, 0x00, 0x00, 0x00, 0x00, 0x00, 0x00,
  0x00, 0x00, 0x00, 0x00, 0x00, 0x00, 0x00, 0x00, 0x00, 0x00, 0x00, 0x00, 0x00, 0x00, 0x00, 0x00, 0x00, 0x00, 0x00, 0x00, 0x00, 0x00, 0x00, 0x00,
  0x00, 0x00, 0x00, 0x00, 0x00, 0x00, 0x00, 0x00, 0x00, 0x00, 0x00, 0x00, 0x00, 0x00, 0x00, 0x00, 0x00, 0x00, 0x00, 0x00, 0x00, 0x00, 0x00, 0x00,
  0x00, 0x00, 0x00, 0x00, 0x00, 0x00, 0x00, 0x00, 0x00, 0x00, 0x00, 0x00, 0x00, 0x00, 0x00, 0x00, 0x00, 0x00, 0x00, 0x00, 0x00, 0x00, 0x00, 0x00,
  0x00, 0x00, 0x00, 0x00, 0x00, 0x00, 0x00, 0x00, 0x00, 0x00, 0x00, 0x00, 0x00, 0x00, 0x00, 0x00, 0x00, 0x00, 0x00, 0x00, 0x00, 0x00, 0x00, 0x00,
  0x00, 0x00, 0x00, 0x00, 0x00, 0x00, 0x00, 0x00, 0x00, 0x00, 0x00, 0x00, 0x00, 0x00, 0x00, 0x00, 0x00, 0x00, 0x00, 0x00, 0x00, 0x00, 0x00, 0x00,
  0x00, 0x00, 0x00, 0x00, 0x00, 0x00, 0x00, 0x00, 0x00, 0x00, 0x00, 0x00, 0x00, 0x00, 0x00, 0x00, 0x00, 0x00, 0x00, 0x00, 0x00, 0x00, 0x00, 0x00,
  0x00, 0x00, 0x00, 0x00, 0x00, 0x00, 0x00, 0x00, 0x00, 0x00, 0x00, 0x00, 0x00, 0x00, 0x00, 0x00, 0x00, 0x00, 0x00, 0x00, 0x00, 0x00, 0x00, 0x00,
  0x00, 0x00, 0x00, 0x00, 0x00, 0x00, 0x00, 0x00, 0x00, 0x00, 0x00, 0x00, 0x00, 0x00, 0x00, 0x00, 0x00, 0x00, 0x00, 0x00, 0x00, 0x00, 0x00, 0x00,
  0x04, 0xbe, 0xed, 0x81, 0x00, 0x00, 0x00, 0x7f, 0xff, 0xff, 0xfd, 0x10, 0x00, 0x03, 0xff, 0xd6, 0x5a, 0xff, 0x80, 0x00, 0x08, 0xdd, 0x10, 0x00,
  0xdf, 0xc0, 0x00, 0x00, 0x00, 0x00, 0x01, 0xbf, 0xe0, 0x00, 0x00, 0x02, 0x7a, 0xdf, 0xff, 0xe0, 0x00, 0x00, 0xaf, 0xfe, 0xda, 0xcf, 0xe0, 0x00,
  0x08, 0xfe, 0x50, 0x00, 0xaf, 0xe0, 0x00, 0x0d, 0xfc, 0x00, 0x01, 0xef, 0xe0, 0x00, 0x0c, 0xfe, 0x85, 0x7d, 0xef, 0xe5, 0x00, 0x05, 0xff, 0xff,
  0xfe, 0x4e, 0xff, 0x20, 0x00, 0x4b, 0xee, 0xa2, 0x05, 0xdd, 0x20, 0x00, 0x00, 0x00, 0x00, 0x00, 0x00, 0x00, 0x00, 0x00, 0x00, 0x00, 0x00, 0x00,
  0x00, 0x00, 0x00, 0x00, 0x00, 0x00, 0x00, 0x00, 0x00, 0x00, 0x00, 0x00, 0x00, 0x00, 0x00, 0x00, 0x00, 0x00, 0x00, 0x00, 0x00, 0x00, 0x00, 0x00,
  0x00, 0x00, 0x00, 0x00, 0x00, 0x00, 0x00, 0x00, 0x00, 0x00, 0x00, 0x00, 0x00, 0x00, 0x00, 0x00, 0x00, 0x00, 0x00, 0x00, 0x00, 0x00, 0x00, 0x00,
  0x00, 0x00, 0x00, 0x00, 0x00, 0x00, 0x00, 0x00, 0x00, 0x00, 0x00, 0x00, 0x00, 0x00, 0x00, 0x00, 0x00, 0x00, 0x00, 0x00, 0x00, 0x00, 0x00, 0x00,
  0x00, 0x00, 0x00, 0x00, 0x00, 0x00, 0x00, 0x00, 0x00, 0x00, 0x00, 0x00, 0x00, 0x05, 0xff, 0x30, 0x00, 0x00, 0x00, 0x00, 0x05, 0xff, 0x30, 0x00,
  0x00, 0x00, 0x00, 0x05, 0xff, 0x30, 0x00, 0x00, 0x00, 0x00, 0x05, 0xff, 0x30, 0x00, 0x00, 0x00, 0x00, 0x05, 0xff, 0x35, 0xce, 0xd9, 0x10, 0x00,
  0x05, 0xff, 0xaf, 0xff, 0xff, 0xd2, 0x00, 0x05, 0xff, 0xfc, 0x66, 0xbf, 0xfb, 0x00, 0x05, 0xff, 0xd0, 0x00, 0x0c, 0xff, 0x20, 0x05, 0xff, 0x60,
  0x00, 0x06, 0xff, 0x50, 0x05, 0xff, 0x40, 0x00, 0x03, 0xff, 0x70, 0x05, 0xff, 0x40, 0x00, 0x03, 0xff, 0x70, 0x05, 0xff, 0x60, 0x00, 0x06, 0xff,
  0x50, 0x05, 0xff, 0xd0, 0x00, 0x0c, 0xff, 0x20, 0x05, 0xff, 0xfc, 0x66, 0xbf, 0xfb, 0x00, 0x05, 0xff, 0x8f, 0xff, 0xff, 0xd2, 0x00, 0x05, 0xff,
  0x15, 0xce, 0xd9, 0x20, 0x00, 0x00, 0x00, 0x00, 0x00, 0x00, 0x00, 0x00, 0x00, 0x00, 0x00, 0x00, 0x00, 0x00, 0x00, 0x00, 0x00, 0x00, 0x00, 0x00,
  0x00, 0x00, 0x00, 0x00, 0x00, 0x00, 0x00, 0x00, 0x00, 0x00, 0x00, 0x00, 0x00, 0x00, 0x00, 0x00, 0x00, 0x00, 0x00, 0x00, 0x00, 0x00, 0x00, 0x00,
  0x00, 0x00, 0x00, 0x00, 0x00, 0x00, 0x00, 0x00, 0x00, 0x00, 0x00, 0x00, 0x00, 0x00, 0x00, 0x00, 0x00, 0x00, 0x00, 0x00, 0x00, 0x00, 0x00, 0x00,
  0x00, 0x00, 0x00, 0x00, 0x00, 0x00, 0x00, 0x00, 0x00, 0x00, 0x00, 0x00, 0x00, 0x00, 0x00, 0x00, 0x00, 0x00, 0x00, 0x00, 0x00, 0x00, 0x00, 0x00,
  0x00, 0x00, 0x00, 0x00, 0x00, 0x00, 0x00, 0x00, 0x00, 0x00, 0x00, 0x00, 0x00, 0x00, 0x00, 0x00, 0x00, 0x00, 0x00, 0x00, 0x00, 0x00, 0x00, 0x00,
  0x00, 0x00, 0x00, 0x00, 0x00, 0x00, 0x00, 0x00, 0x00, 0x00, 0x00, 0x00, 0x00, 0x7c, 0xee, 0xb5, 0x00, 0x00, 0x00, 0x2c, 0xff, 0xff, 0xff, 0x90,
  0x00, 0x00, 0xbf, 0xfa, 0x66, 0xcf, 0xf5, 0x00, 0x04, 0xff, 0x90, 0x00, 0x1d, 0xfc, 0x00, 0x08, 0xff, 0x20, 0x00, 0x03, 0x55, 0x00, 0x0a, 0xfe,
  0x00, 0x00, 0x00, 0x00, 0x00, 0x0a, 0xfe, 0x00, 0x00, 0x00, 0x00, 0x00, 0x08, 0xff, 0x20, 0x00, 0x04, 0x77, 0x00, 0x04, 0xff, 0x90, 0x00, 0x1d,
  0xfb, 0x00, 0x00, 0xbf, 0xfa, 0x66, 0xcf, 0xf4, 0x00, 0x00, 0x2c, 0xff, 0xff, 0xff, 0x80, 0x00, 0x00, 0x00, 0x7c, 0xee, 0xa4, 0x00, 0x00, 0x00,
  0x00, 0x00, 0x00, 0x00, 0x00, 0x00, 0x00, 0x00, 0x00, 0x00, 0x00, 0x00, 0x00, 0x00, 0x00, 0x00, 0x00, 0x00, 0x00, 0x00, 0x00, 0x00, 0x00, 0x00,
  0x00, 0x00, 0x00, 0x00, 0x00, 0x00, 0x00, 0x00, 0x00, 0x00, 0x00, 0x00, 0x00, 0x00, 0x00, 0x00, 0x00, 0x00, 0x00, 0x00, 0x00, 0x00, 0x00, 0x00,
  0x00, 0x00, 0x00, 0x00, 0x00, 0x00, 0x00, 0x00, 0x00, 0x00, 0x00, 0x00, 0x00, 0x00, 0x00, 0x00, 0x00, 0x00, 0x00, 0x00, 0x00, 0x00, 0x00, 0x00,
  0x00, 0x00, 0x00, 0x00, 0x00, 0x00, 0x00, 0x00, 0x00, 0x00, 0x00, 0x00, 0x00, 0x00, 0x00, 0x00, 0x00, 0x00, 0x00, 0x00, 0x00, 0x00, 0x00, 0x00,
  0x00, 0x00, 0x00, 0x00, 0x00, 0x0f, 0xf8, 0x00, 0x00, 0x00, 0x00, 0x00, 0x0f, 0xf8, 0x00, 0x00, 0x00, 0x00, 0x00, 0x0f, 0xf8, 0x00, 0x00, 0x00,
  0x00, 0x00, 0x0f, 0xf8, 0x00, 0x00, 0x08, 0xde, 0xc7, 0x0f, 0xf8, 0x00, 0x00, 0xcf, 0xff, 0xff, 0xaf, 0xf8, 0x00, 0x08, 0xff, 0xc6, 0x6b, 0xff,
  0xf8, 0x00, 0x0e, 0xfe, 0x10, 0x00, 0xbf, 0xf8, 0x00, 0x2f, 0xf9, 0x00, 0x00, 0x3f, 0xf8, 0x00, 0x4f, 0xf6, 0x00, 0x00, 0x1f, 0xf8, 0x00, 0x4f,
  0xf6, 0x00, 0x00, 0x1f, 0xf8, 0x00, 0x2f, 0xf9, 0x00, 0x00, 0x3f, 0xf8, 0x00, 0x0e, 0xfe, 0x10, 0x00, 0xaf, 0xf8, 0x00, 0x08, 0xff, 0xd6, 0x6b,
  0xff, 0xf8, 0x00, 0x00, 0xcf, 0xff, 0xff, 0x9e, 0xf8, 0x00, 0x00, 0x08, 0xde, 0xc7, 0x0d, 0xf8, 0x00, 0x00, 0x00, 0x00, 0x00, 0x00, 0x00, 0x00,
  0x00, 0x00, 0x00, 0x00, 0x00, 0x00, 0x00, 0x00, 0x00, 0x00, 0x00, 0x00, 0x00, 0x00, 0x00, 0x00, 0x00, 0x00, 0x00, 0x00, 0x00, 0x00, 0x00, 0x00,
  0x00, 0x00, 0x00, 0x00, 0x00, 0x00, 0x00, 0x00, 0x00, 0x00, 0x00, 0x00, 0x00, 0x00, 0x00, 0x00, 0x00, 0x00, 0x00, 0x00, 0x00, 0x00, 0x00, 0x00,
  0x00, 0x00, 0x00, 0x00, 0x00, 0x00, 0x00, 0x00, 0x00, 0x00, 0x00, 0x00, 0x00, 0x00, 0x00, 0x00, 0x00, 0x00, 0x00, 0x00, 0x00, 0x00, 0x00, 0x00,
  0x00, 0x00, 0x00, 0x00, 0x00, 0x00, 0x00, 0x00, 0x00, 0x00, 0x00, 0x00, 0x00, 0x00, 0x00, 0x00, 0x00, 0x00, 0x00, 0x00, 0x00, 0x00, 0x00, 0x00,
  0x00, 0x00, 0x00, 0x00, 0x00, 0x00, 0x00, 0x00, 0x00, 0x00, 0x00, 0x00, 0x00, 0x00, 0x00, 0x00, 0x00, 0x00, 0x00, 0x00, 0x00, 0x00, 0x00, 0x00,
  0x01, 0x8c, 0xed, 0x92, 0x00, 0x00, 0x00, 0x3d, 0xff, 0xff, 0xfe, 0x40, 0x00, 0x00, 0xdf, 0xe8, 0x57, 0xdf, 0xe1, 0x00, 0x05, 0xff, 0x50, 0x00,
  0x2e, 0xf7, 0x00, 0x0a, 0xfe, 0x54, 0x44, 0x4d, 0xfc, 0x00, 0x0b, 0xff, 0xff, 0xff, 0xff, 0xfe, 0x00, 0x0b, 0xff, 0xff, 0xff, 0xff, 0xff, 0x00,
  0x0a, 0xfe, 0x00, 0x00, 0x00, 0x00, 0x00, 0x05, 0xff, 0x50, 0x00, 0x1a, 0x96, 0x00, 0x00, 0xdf, 0xe8, 0x56, 0xcf, 0xf4, 0x00, 0x00, 0x3d, 0xff,
  0xff, 0xff, 0x70, 0x00, 0x00, 0x01, 0x8c, 0xed, 0xa4, 0x00, 0x00, 0x00, 0x00, 0x00, 0x00, 0x00, 0x00, 0x00, 0x00, 0x00, 0x00, 0x00, 0x00, 0x00,
  0x00, 0x00, 0x00, 0x00, 0x00, 0x00, 0x00, 0x00, 0x00, 0x00, 0x00, 0x00, 0x00, 0x00, 0x00, 0x00, 0x00, 0x00, 0x00, 0x00, 0x00, 0x00, 0x00, 0x00,
  0x00, 0x00, 0x00, 0x00, 0x00, 0x00, 0x00, 0x00, 0x00, 0x00, 0x00, 0x00, 0x00, 0x00, 0x00, 0x00, 0x00, 0x00, 0x00, 0x00, 0x00, 0x00, 0x00, 0x00,
  0x00, 0x00, 0x00, 0x00, 0x00, 0x00, 0x00, 0x00, 0x00, 0x00, 0x00, 0x00, 0x00, 0x00, 0x00, 0x00, 0x00, 0x00, 0x00, 0x00, 0x00, 0x00, 0x00, 0x00,
  0x00, 0x00, 0x00, 0x00, 0x00, 0x00, 0x00, 0x00, 0x00, 0x00, 0x00, 0x00, 0x00, 0x00, 0x00, 0x03, 0xbe, 0xff, 0xfb, 0x00, 0x00, 0x00, 0x1e, 0xff,
  0xff, 0xfb, 0x00, 0x00, 0x00, 0x5f, 0xf9, 0x54, 0x43, 0x00, 0x00, 0x00, 0x7f, 0xf1, 0x00, 0x00, 0x00, 0x08, 0xff, 0xff, 0xff, 0xff, 0xf9, 0x00,
  0x08, 0xff, 0xff, 0xff, 0xff, 0xf9, 0x00, 0x02, 0x44, 0xaf, 0xf5, 0x44, 0x43, 0x00, 0x00, 0x00, 0x8f, 0xf1, 0x00, 0x00, 0x00, 0x00, 0x00, 0x8f,
  0xf1, 0x00, 0x00, 0x00, 0x00, 0x00, 0x8f, 0xf1, 0x00, 0x00, 0x00, 0x00, 0x00, 0x8f, 0xf1, 0x00, 0x00, 0x00, 0x00, 0x00, 0x8f, 0xf1, 0x00, 0x00,
  0x00, 0x00, 0x00, 0x8f, 0xf1, 0x00, 0x00, 0x00, 0x00, 0x00, 0x8f, 0xf1, 0x00, 0x00, 0x00, 0x00, 0x00, 0x8f, 0xf1, 0x00, 0x00, 0x00, 0x00, 0x00,
  0x8f, 0xf1, 0x00, 0x00, 0x00, 0x00, 0x00, 0x00, 0x00, 0x00, 0x00, 0x00, 0x00, 0x00, 0x00, 0x00, 0x00, 0x00, 0x00, 0x00, 0x00, 0x00, 0x00, 0x00,
  0x00, 0x00, 0x00, 0x00, 0x00, 0x00, 0x00, 0x00, 0x00, 0x00, 0x00, 0x00, 0x00, 0x00, 0x00, 0x00, 0x00, 0x00, 0x00, 0x00, 0x00, 0x00, 0x00, 0x00,
  0x00, 0x00, 0x00, 0x00, 0x00, 0x00, 0x00, 0x00, 0x00, 0x00, 0x00, 0x00, 0x00, 0x00, 0x00, 0x00, 0x00, 0x00, 0x00, 0x00, 0x00, 0x00, 0x00, 0x00,
  0x00, 0x00, 0x00, 0x00, 0x00, 0x00, 0x00, 0x00, 0x00, 0x00, 0x00, 0x00, 0x00, 0x00, 0x00, 0x00, 0x00, 0x00, 0x00, 0x00, 0x00, 0x00, 0x00, 0x00,
  0x00, 0x00, 0x00, 0x00, 0x00, 0x00, 0x00, 0x00, 0x00, 0x00, 0x00, 0x00, 0x00, 0x00, 0x00, 0x00, 0x00, 0x00, 0x00, 0x00, 0x00, 0x00, 0x00, 0x00,
  0x00, 0x00, 0x00, 0x00, 0x00, 0x00, 0x00, 0x00, 0x00, 0x00, 0x00, 0x00, 0x04, 0xbe, 0xd9, 0x18, 0xfd, 0x00, 0x00, 0x7f, 0xff, 0xff, 0xda, 0xfd,
  0x00, 0x03, 0xef, 0xe8, 0x58, 0xee, 0xfd, 0x00, 0x09, 0xff, 0x40, 0x00, 0x3f, 0xfd, 0x00, 0x0c, 0xfd, 0x00, 0x00, 0x0c, 0xfd, 0x00, 0x0d, 0xfc,
  0x00, 0x00, 0x0a, 0xfd, 0x00, 0x0c, 0xfd, 0x00, 0x00, 0x0c, 0xfd, 0x00, 0x09, 0xff, 0x40, 0x00, 0x3f, 0xfd, 0x00, 0x03, 0xef, 0xe8, 0x57, 0xef,
  0xfd, 0x00, 0x00, 0x7f, 0xff, 0xff, 0xdb, 0xfd, 0x00, 0x00, 0x04, 0xbe, 0xea, 0x2a, 0xfd, 0x00, 0x02, 0x66, 0x10, 0x00, 0x0d, 0xfb, 0x00, 0x02,
  0xef, 0xd6, 0x56, 0xcf, 0xf6, 0x00, 0x00, 0x6f, 0xff, 0xff, 0xff, 0xa0, 0x00, 0x00, 0x03, 0xad, 0xee, 0xb5, 0x00, 0x00, 0x00, 0x00, 0x00, 0x00,
  0x00, 0x00, 0x00, 0x00, 0x00, 0x00, 0x00, 0x00, 0x00, 0x00, 0x00, 0x00, 0x00, 0x00, 0x00, 0x00, 0x00, 0x00, 0x00, 0x00, 0x00, 0x00, 0x00, 0x00,
  0x00, 0x00, 0x00, 0x00, 0x00, 0x00, 0x00, 0x00, 0x00, 0x00, 0x00, 0x00, 0x00, 0x00, 0x00, 0x00, 0x00, 0x00, 0x00, 0x00, 0x00, 0x00, 0x00, 0x00,
  0x00, 0x00, 0x00, 0x00, 0x00, 0x00, 0x00, 0x00, 0x00, 0x00, 0x00, 0x00, 0x00, 0x00, 0x00, 0x00, 0x00, 0x00, 0x00, 0x00, 0x00, 0x00, 0x00, 0x00,
  0x00, 0x01, 0xff, 0x70, 0x00, 0x00, 0x00, 0x00, 0x01, 0xff, 0x70, 0x00, 0x00, 0x00, 0x00, 0x01, 0xff, 0x70, 0x00, 0x00, 0x00, 0x00, 0x01, 0xff,
  0x70, 0x00, 0x00, 0x00, 0x00, 0x01, 0xff, 0x73, 0xbe, 0xe9, 0x10, 0x00, 0x01, 0xff, 0x9e, 0xff, 0xff, 0xb0, 0x00, 0x01, 0xff, 0xfc, 0x66, 0xdf,
  0xf3, 0x00, 0x01, 0xff, 0xd0, 0x00, 0x4f, 0xf6, 0x00, 0x01, 0xff, 0x80, 0x00, 0x1f, 0xf8, 0x00, 0x01, 0xff, 0x70, 0x00, 0x0f, 0xf8, 0x00, 0x01,
  0xff, 0x70, 0x00, 0x0f, 0xf8, 0x00, 0x01, 0xff, 0x70, 0x00, 0x0f, 0xf8, 0x00, 0x01, 0xff, 0x70, 0x00, 0x0f, 0xf8, 0x00, 0x01, 0xff, 0x70, 0x00,
  0x0f, 0xf8, 0x00, 0x01, 0xff, 0x70, 0x00, 0x0f, 0xf8, 0x00, 0x01, 0xff, 0x70, 0x00, 0x0f, 0xf8, 0x00, 0x00, 0x00, 0x00, 0x00, 0x00, 0x00, 0x00,
  0x00, 0x00, 0x00, 0x00, 0x00, 0x00, 0x00, 0x00, 0x00, 0x00, 0x00, 0x00, 0x00, 0x00, 0x00, 0x00, 0x00, 0x00, 0x00, 0x00, 0x00, 0x00, 0x00, 0x00,
  0x00, 0x00, 0x00, 0x00, 0x00, 0x00, 0x00, 0x00, 0x00, 0x00, 0x00, 0x00, 0x00, 0x00, 0x00, 0x00, 0x00, 0x00, 0x00, 0x00, 0x00, 0x00, 0x00, 0x00,
  0x00, 0x00, 0x00, 0x00, 0x00, 0x00, 0x00, 0x00, 0x00, 0x00, 0x00, 0x00, 0x00, 0x00, 0x00, 0x00, 0x00, 0x00, 0x00, 0x00, 0x00, 0x00, 0x00, 0x00,
  0x00, 0x00, 0x00, 0x00, 0x00, 0x00, 0x00, 0x00, 0x00, 0x00, 0x00, 0x00, 0x00, 0x00, 0x00, 0x00, 0x00, 0x00, 0x00, 0x00, 0x00, 0x00, 0x44, 0x30,
  0x00, 0x00, 0x00, 0x00, 0x00, 0xff, 0x90, 0x00, 0x00, 0x00, 0x00, 0x00, 0xff, 0x90, 0x00, 0x00, 0x00, 0x00, 0x00, 0x00, 0x00, 0x00, 0x00, 0x03,
  0xff, 0xff, 0xff, 0xa0, 0x00, 0x00, 0x03, 0xff, 0xff, 0xff, 0xa0, 0x00, 0x00, 0x01, 0x44, 0x44, 0xef, 0xa0, 0x00, 0x00, 0x00, 0x00, 0x00, 0xdf,
  0xa0, 0x00, 0x00, 0x00, 0x00, 0x00, 0xdf, 0xa0, 0x00, 0x00, 0x00, 0x00, 0x00, 0xdf, 0xa0, 0x00, 0x00, 0x00, 0x00, 0x00, 0xdf, 0xa0, 0x00, 0x00,
  0x00, 0x00, 0x00, 0xdf, 0xa0, 0x00, 0x00, 0x00, 0x00, 0x00, 0xdf, 0xa0, 0x00, 0x00, 0x02, 0x44, 0x44, 0xef, 0xb4, 0x44, 0x20, 0x06, 0xff, 0xff,
  0xff, 0xff, 0xff, 0x70, 0x06, 0xff, 0xff, 0xff, 0xff, 0xff, 0x70, 0x00, 0x00, 0x00, 0x00, 0x00, 0x00, 0x00, 0x00, 0x00, 0x00, 0x00, 0x00, 0x00,
  0x00, 0x00, 0x00, 0x00, 0x00, 0x00, 0x00, 0x00, 0x00, 0x00, 0x00, 0x00, 0x00, 0x00, 0x00, 0x00, 0x00, 0x00, 0x00, 0x00, 0x00, 0x00, 0x00, 0x00,
  0x00, 0x00, 0x00, 0x00, 0x00, 0x00, 0x00, 0x00, 0x00, 0x00, 0x00, 0x00, 0x00, 0x00, 0x00, 0x00, 0x00, 0x00, 0x00, 0x00, 0x00, 0x00, 0x00, 0x00,
  0x00, 0x00, 0x00, 0x00, 0x00, 0x00, 0x00, 0x00, 0x00, 0x00, 0x00, 0x00, 0x00, 0x00, 0x00, 0x00, 0x00, 0x00, 0x00, 0x00, 0x00, 0x00, 0x00, 0x00,
  0x00, 0x00, 0x00, 0x00, 0x00, 0x00, 0x00, 0x00, 0x00, 0x00, 0x00, 0x00, 0x00, 0x00, 0x00, 0x00, 0x02, 0x44, 0x00, 0x00, 0x00, 0x00, 0x00, 0x08,
  0xff, 0x10, 0x00, 0x00, 0x00, 0x00, 0x08, 0xff, 0x10, 0x00, 0x00, 0x00, 0x00, 0x00, 0x00, 0x00, 0x00, 0x00, 0x9f, 0xff, 0xff, 0xff, 0x10, 0x00,
  0x00, 0x9f, 0xff, 0xff, 0xff, 0x10, 0x00, 0x00, 0x34, 0x44, 0x4a, 0xff, 0x10, 0x00, 0x00, 0x00, 0x00, 0x07, 0xff, 0x10, 0x00, 0x00, 0x00, 0x00,
  0x07, 0xff, 0x10, 0x00, 0x00, 0x00, 0x00, 0x07, 0xff, 0x10, 0x00, 0x00, 0x00, 0x00, 0x07, 0xff, 0x10, 0x00, 0x00, 0x00, 0x00, 0x07, 0xff, 0x10,
  0x00, 0x00, 0x00, 0x00, 0x07, 0xff, 0x10, 0x00, 0x00, 0x00, 0x00, 0x07, 0xff, 0x10, 0x00, 0x00, 0x00, 0x00, 0x07, 0xff, 0x10, 0x00, 0x00, 0x00,
  0x00, 0x09, 0xff, 0x00, 0x00, 0x00, 0x34, 0x45, 0x7e, 0xfd, 0x00, 0x00, 0x00, 0xbf, 0xff, 0xff, 0xf6, 0x00, 0x00, 0x00, 0xbf, 0xff, 0xec, 0x50,
  0x00, 0x00, 0x00, 0x00, 0x00, 0x00, 0x00, 0x00, 0x00, 0x00, 0x00, 0x00, 0x00, 0x00, 0x00, 0x00, 0x00, 0x00, 0x00, 0x00, 0x00, 0x00, 0x00, 0x00,
  0x00, 0x00, 0x00, 0x00, 0x00, 0x00, 0x00, 0x00, 0x00, 0x00, 0x00, 0x00, 0x00, 0x00, 0x00, 0x00, 0x00, 0x00, 0x00, 0x00, 0x00, 0x00, 0x00, 0x00,
  0x00, 0x00, 0x00, 0x00, 0x00, 0x00, 0x00, 0x00, 0x00, 0x00, 0x00, 0x00, 0x00, 0x00, 0x00, 0x00, 0x00, 0x00, 0x00, 0x00, 0x00, 0x00, 0x00, 0x00,
  0x00, 0x00, 0x00, 0x00, 0x00, 0x00, 0x00, 0x06, 0xff, 0x20, 0x00, 0x00, 0x00, 0x00, 0x06, 0xff, 0x20, 0x00, 0x00, 0x00, 0x00, 0x06, 0xff, 0x20,
  0x00, 0x00, 0x00, 0x00, 0x06, 0xff, 0x20, 0x00, 0x00, 0x00, 0x00, 0x06, 0xff, 0x20, 0x00, 0x6f, 0xfb, 0x00, 0x06, 0xff, 0x20, 0x04, 0xef, 0xc0,
  0x00, 0x06, 0xff, 0x20, 0x2e, 0xfd, 0x10, 0x00, 0x06, 0xff, 0x21, 0xdf, 0xe2, 0x00, 0x00, 0x06, 0xff, 0x2c, 0xfe, 0x40, 0x00, 0x00, 0x06, 0xff,
  0xcf, 0xfd, 0x00, 0x00, 0x00, 0x06, 0xff, 0xfe, 0xff, 0x90, 0x00, 0x00, 0x06, 0xff, 0xf6, 0x9f, 0xf4, 0x00, 0x00, 0x06, 0xff, 0x70, 0x0d, 0xfd,
  0x10, 0x00, 0x06, 0xff, 0x20, 0x04, 0xff, 0xa0, 0x00, 0x06, 0xff, 0x20, 0x00, 0x9f, 0xf5, 0x00, 0x06, 0xff, 0x20, 0x00, 0x0d, 0xfe, 0x10, 0x00,
  0x00, 0x00, 0x00, 0x00, 0x00, 0x00, 0x00, 0x00, 0x00, 0x00, 0x00, 0x00, 0x00, 0x00, 0x00, 0x00, 0x00, 0x00, 0x00, 0x00, 0x00, 0x00, 0x00, 0x00,
  0x00, 0x00, 0x00, 0x00, 0x00, 0x00, 0x00, 0x00, 0x00, 0x00, 0x00, 0x00, 0x00, 0x00, 0x00, 0x00, 0x00, 0x00, 0x00, 0x00, 0x00, 0x00, 0x00, 0x00,
  0x00, 0x00, 0x00, 0x00, 0x00, 0x00, 0x00, 0x00, 0x00, 0x00, 0x00, 0x00, 0x00, 0x00, 0x00, 0x00, 0x00, 0x00, 0x00, 0x00, 0x00, 0x00, 0x00, 0x00,
  0x00, 0x00, 0x00, 0x00, 0x00, 0x00, 0x00, 0x00, 0x00, 0x00, 0x00, 0x00, 0x00, 0x00, 0x00, 0x00, 0x00, 0x00, 0x00, 0x00, 0x00, 0x00, 0x00, 0x00,
  0x00, 0x06, 0xff, 0xed, 0x80, 0x00, 0x00, 0x00, 0x06, 0xff, 0xff, 0xf9, 0x00, 0x00, 0x00, 0x02, 0x44, 0x5d, 0xfe, 0x00, 0x00, 0x00, 0x00, 0x00,
  0x06, 0xff, 0x20, 0x00, 0x00, 0x00, 0x00, 0x05, 0xff, 0x30, 0x00, 0x00, 0x00, 0x00, 0x05, 0xff, 0x30, 0x00, 0x00, 0x00, 0x00, 0x05, 0xff, 0x30,
  0x00, 0x00, 0x00, 0x00, 0x05, 0xff, 0x30, 0x00, 0x00, 0x00, 0x00, 0x05, 0xff, 0x30, 0x00, 0x00, 0x00, 0x00, 0x05, 0xff, 0x30, 0x00, 0x00, 0x00,
  0x00, 0x05, 0xff, 0x30, 0x00, 0x00, 0x00, 0x00, 0x05, 0xff, 0x30, 0x00, 0x00, 0x00, 0x00, 0x05, 0xff, 0x30, 0x00, 0x00, 0x04, 0x44, 0x48, 0xff,
  0x64, 0x44, 0x00, 0x0c, 0xff, 0xff, 0xff, 0xff, 0xff, 0x00, 0x0c, 0xff, 0xff, 0xff, 0xff, 0xff, 0x00, 0x00, 0x00, 0x00, 0x00, 0x00, 0x00, 0x00,
  0x00, 0x00, 0x00, 0x00, 0x00, 0x00, 0x00, 0x00, 0x00, 0x00, 0x00, 0x00, 0x00, 0x00, 0x00, 0x00, 0x00, 0x00, 0x00, 0x00, 0x00, 0x00, 0x00, 0x00,
  0x00, 0x00, 0x00, 0x00, 0x00, 0x00, 0x00, 0x00, 0x00, 0x00, 0x00, 0x00, 0x00, 0x00, 0x00, 0x00, 0x00, 0x00, 0x00, 0x00, 0x00, 0x00, 0x00, 0x00,
  0x00, 0x00, 0x00, 0x00, 0x00, 0x00, 0x00, 0x00, 0x00, 0x00, 0x00, 0x00, 0x00, 0x00, 0x00, 0x00, 0x00, 0x00, 0x00, 0x00, 0x00, 0x00, 0x00, 0x00,
  0x00, 0x00, 0x00, 0x00, 0x00, 0x00, 0x00, 0x00, 0x00, 0x00, 0x00, 0x00, 0x00, 0x00, 0x00, 0x00, 0x00, 0x00, 0x00, 0x00, 0x00, 0x00, 0x00, 0x00,
  0x00, 0x00, 0x00, 0x00, 0x00, 0x00, 0x00, 0x00, 0x00, 0x00, 0x00, 0x00, 0x00, 0x00, 0x00, 0x00, 0x00, 0x00, 0x00, 0x00, 0x00, 0x00, 0x00, 0x4f,
  0xd2, 0xce, 0x70, 0x6d, 0xd5, 0x00, 0x4f, 0xec, 0xff, 0xe6, 0xff, 0xfe, 0x10, 0x4f, 0xfc, 0x6e, 0xfe, 0x89, 0xff, 0x50, 0x4f, 0xf4, 0x09, 0xfd,
  0x01, 0xff, 0x70, 0x4f, 0xf3, 0x08, 0xfb, 0x00, 0xef, 0x70, 0x4f, 0xf2, 0x08, 0xfb, 0x00, 0xef, 0x70, 0x4f, 0xf2, 0x08, 0xfb, 0x00, 0xef, 0x70,
  0x4f, 0xf2, 0x08, 0xfb, 0x00, 0xef, 0x70, 0x4f, 0xf2, 0x08, 0xfb, 0x00, 0xef, 0x70, 0x4f, 0xf2, 0x08, 0xfb, 0x00, 0xef, 0x70, 0x4f, 0xf2, 0x08,
  0xfb, 0x00, 0xef, 0x70, 0x4f, 0xf2, 0x08, 0xfb, 0x00, 0xef, 0x70, 0x00, 0x00, 0x00, 0x00, 0x00, 0x00, 0x00, 0x00, 0x00, 0x00, 0x00, 0x00, 0x00,
  0x00, 0x00, 0x00, 0x00, 0x00, 0x00, 0x00, 0x00, 0x00, 0x00, 0x00, 0x00, 0x00, 0x00, 0x00, 0x00, 0x00, 0x00, 0x00, 0x00, 0x00, 0x00, 0x00, 0x00,
  0x00, 0x00, 0x00, 0x00, 0x00, 0x00, 0x00, 0x00, 0x00, 0x00, 0x00, 0x00, 0x00, 0x00, 0x00, 0x00, 0x00, 0x00, 0x00, 0x00, 0x00, 0x00, 0x00, 0x00,
  0x00, 0x00, 0x00, 0x00, 0x00, 0x00, 0x00, 0x00, 0x00, 0x00, 0x00, 0x00, 0x00, 0x00, 0x00, 0x00, 0x00, 0x00, 0x00, 0x00, 0x00, 0x00, 0x00, 0x00,
  0x00, 0x00, 0x00, 0x00, 0x00, 0x00, 0x00, 0x00, 0x00, 0x00, 0x00, 0x00, 0x00, 0x00, 0x00, 0x00, 0x00, 0x00, 0x00, 0x00, 0x00, 0x00, 0x00, 0x00,
  0x00, 0x00, 0x00, 0x00, 0x00, 0x00, 0x00, 0x00, 0x00, 0x00, 0x00, 0x00, 0x00, 0x00, 0x00, 0x00, 0x00, 0x04, 0xff, 0x04, 0xbe, 0xd8, 0x00, 0x00,
  0x04, 0xff, 0x6e, 0xff, 0xff, 0xa0, 0x00, 0x04, 0xff, 0xdb, 0x57, 0xef, 0xf3, 0x00, 0x04, 0xff, 0xb0, 0x00, 0x5f, 0xf6, 0x00, 0x04, 0xff, 0x50,
  0x00, 0x2f, 0xf7, 0x00, 0x04, 0xff, 0x40, 0x00, 0x0f, 0xf8, 0x00, 0x04, 0xff, 0x40, 0x00, 0x0f, 0xf8, 0x00, 0x04, 0xff, 0x40, 0x00, 0x0f, 0xf8,
  0x00, 0x04, 0xff, 0x40, 0x00, 0x0f, 0xf8, 0x00, 0x04, 0xff, 0x40, 0x00, 0x0f, 0xf8, 0x00, 0x04, 0xff, 0x40, 0x00, 0x0f, 0xf8, 0x00, 0x04, 0xff,
  0x40, 0x00, 0x0f, 0xf8, 0x00, 0x00, 0x00, 0x00, 0x00, 0x00, 0x00, 0x00, 0x00, 0x00, 0x00, 0x00, 0x00, 0x00, 0x00, 0x00, 0x00, 0x00, 0x00, 0x00,
  0x00, 0x00, 0x00, 0x00, 0x00, 0x00, 0x00, 0x00, 0x00, 0x00, 0x00, 0x00, 0x00, 0x00, 0x00, 0x00, 0x00, 0x00, 0x00, 0x00, 0x00, 0x00, 0x00, 0x00,
  0x00, 0x00, 0x00, 0x00, 0x00, 0x00, 0x00, 0x00, 0x00, 0x00, 0x00, 0x00, 0x00, 0x00, 0x00, 0x00, 0x00, 0x00, 0x00, 0x00, 0x00, 0x00, 0x00, 0x00,
  0x00, 0x00, 0x00, 0x00, 0x00, 0x00, 0x00, 0x00, 0x00, 0x00, 0x00, 0x00, 0x00, 0x00, 0x00, 0x00, 0x00, 0x00, 0x00, 0x00, 0x00, 0x00, 0x00, 0x00,
  0x00, 0x00, 0x00, 0x00, 0x00, 0x00, 0x00, 0x00, 0x00, 0x00, 0x00, 0x00, 0x00, 0x00, 0x00, 0x00, 0x00, 0x00, 0x00, 0x00, 0x00, 0x00, 0x00, 0x00,
  0x00, 0x00, 0x00, 0x00, 0x00, 0x00, 0x00, 0x00, 0x00, 0x00, 0x00, 0x00, 0x01, 0x8d, 0xed, 0x93, 0x00, 0x00, 0x00, 0x3e, 0xff, 0xff, 0xfe, 0x50,
  0x00, 0x01, 0xdf, 0xe9, 0x57, 0xef, 0xe2, 0x00, 0x06, 0xff, 0x70, 0x00, 0x4f, 0xf9, 0x00, 0x0b, 0xfe, 0x00, 0x00, 0x0c, 0xfe, 0x00, 0x0c, 0xfd,
  0x00, 0x00, 0x0a, 0xff, 0x00, 0x0c, 0xfd, 0x00, 0x00, 0x0a, 0xff, 0x00, 0x0b, 0xfe, 0x00, 0x00, 0x0c, 0xfe, 0x00, 0x06, 0xff, 0x70, 0x00, 0x4f,
  0xf9, 0x00, 0x01, 0xdf, 0xe9, 0x57, 0xef, 0xe2, 0x00, 0x00, 0x3e, 0xff, 0xff, 0xfe, 0x50, 0x00, 0x00, 0x02, 0x8d, 0xed, 0xa3, 0x00, 0x00, 0x00,
  0x00, 0x00, 0x00, 0x00, 0x00, 0x00, 0x00, 0x00, 0x00, 0x00, 0x00, 0x00, 0x00, 0x00, 0x00, 0x00, 0x00, 0x00, 0x00, 0x00, 0x00, 0x00, 0x00, 0x00,
  0x00, 0x00, 0x00, 0x00, 0x00, 0x00, 0x00, 0x00, 0x00, 0x00, 0x00, 0x00, 0x00, 0x00, 0x00, 0x00, 0x00, 0x00, 0x00, 0x00, 0x00, 0x00, 0x00, 0x00,
  0x00, 0x00, 0x00, 0x00, 0x00, 0x00, 0x00, 0x00, 0x00, 0x00, 0x00, 0x00, 0x00, 0x00, 0x00, 0x00, 0x00, 0x00, 0x00, 0x00, 0x00, 0x00, 0x00, 0x00,
  0x00, 0x00, 0x00, 0x00, 0x00, 0x00, 0x00, 0x00, 0x00, 0x00, 0x00, 0x00, 0x00, 0x00, 0x00, 0x00, 0x00, 0x00, 0x00, 0x00, 0x00, 0x00, 0x00, 0x00,
  0x00, 0x00, 0x00, 0x00, 0x00, 0x00, 0x00, 0x00, 0x00, 0x00, 0x00, 0x00, 0x00, 0x00, 0x00, 0x00, 0x00, 0x00, 0x00, 0x00, 0x00, 0x00, 0x00, 0x00,
  0x00, 0x00, 0x00, 0x00, 0x00, 0x08, 0xfd, 0x07, 0xde, 0xc7, 0x00, 0x00, 0x08, 0xfd, 0x9f, 0xff, 0xff, 0xb0, 0x00, 0x08, 0xfe, 0xfa, 0x67, 0xdf,
  0xf7, 0x00, 0x08, 0xff, 0xa0, 0x00, 0x1e, 0xfd, 0x00, 0x08, 0xff, 0x30, 0x00, 0x09, 0xff, 0x20, 0x08, 0xff, 0x00, 0x00, 0x07, 0xff, 0x30, 0x08,
  0xff, 0x00, 0x00, 0x07, 0xff, 0x30, 0x08, 0xff, 0x30, 0x00, 0x09, 0xff, 0x20, 0x08, 0xff, 0xa0, 0x00, 0x1e, 0xfd, 0x00, 0x08, 0xff, 0xfa, 0x56,
  0xdf, 0xf7, 0x00, 0x08, 0xff, 0xaf, 0xff, 0xff, 0xb0, 0x00, 0x08, 0xff, 0x08, 0xde, 0xc7, 0x00, 0x00, 0x08, 0xff, 0x00, 0x00, 0x00, 0x00, 0x00,
  0x08, 0xff, 0x00, 0x00, 0x00, 0x00, 0x00, 0x08, 0xff, 0x00, 0x00, 0x00, 0x00, 0x00, 0x00, 0x00, 0x00, 0x00, 0x00, 0x00, 0x00, 0x00, 0x00, 0x00,
  0x00, 0x00, 0x00, 0x00, 0x00, 0x00, 0x00, 0x00, 0x00, 0x00, 0x00, 0x00, 0x00, 0x00, 0x00, 0x00, 0x00, 0x00, 0x00, 0x00, 0x00, 0x00, 0x00, 0x00,
  0x00, 0x00, 0x00, 0x00, 0x00, 0x00, 0x00, 0x00, 0x00, 0x00, 0x00, 0x00, 0x00, 0x00, 0x00, 0x00, 0x00, 0x00, 0x00, 0x00, 0x00, 0x00, 0x00, 0x00,
  0x00, 0x00, 0x00, 0x00, 0x00, 0x00, 0x00, 0x00, 0x00, 0x00, 0x00, 0x00, 0x00, 0x00, 0x00, 0x00, 0x00, 0x00, 0x00, 0x00, 0x00, 0x00, 0x00, 0x00,
  0x00, 0x00, 0x00, 0x00, 0x00, 0x00, 0x00, 0x00, 0x00, 0x00, 0x00, 0x00, 0x00, 0x00, 0x00, 0x00, 0x00, 0x00, 0x00, 0x00, 0x00, 0x00, 0x00, 0x00,
  0x06, 0xce, 0xd8, 0x0a, 0xfc, 0x00, 0x00, 0x9f, 0xff, 0xff, 0xbb, 0xfc, 0x00, 0x04, 0xff, 0xe7, 0x59, 0xfe, 0xfc, 0x00, 0x0a, 0xff, 0x30, 0x00,
  0x7f, 0xfc, 0x00, 0x0e, 0xfc, 0x00, 0x00, 0x0e, 0xfc, 0x00, 0x0f, 0xfa, 0x00, 0x00, 0x0c, 0xfc, 0x00, 0x0f, 0xfa, 0x00, 0x00, 0x0c, 0xfc, 0x00,
  0x0e, 0xfc, 0x00, 0x00, 0x0e, 0xfc, 0x00, 0x0a, 0xff, 0x30, 0x00, 0x7f, 0xfc, 0x00, 0x04, 0xff, 0xe7, 0x59, 0xef, 0xfc, 0x00, 0x00, 0x9f, 0xff,
  0xff, 0xdc, 0xfc, 0x00, 0x00, 0x06, 0xce, 0xd9, 0x1c, 0xfc, 0x00, 0x00, 0x00, 0x00, 0x00, 0x0c, 0xfc, 0x00, 0x00, 0x00, 0x00, 0x00, 0x0c, 0xfc,
  0x00, 0x00, 0x00, 0x00, 0x00, 0x0c, 0xfc, 0x00, 0x00, 0x00, 0x00, 0x00, 0x00, 0x00, 0x00, 0x00, 0x00, 0x00, 0x00, 0x00, 0x00, 0x00, 0x00, 0x00,
  0x00, 0x00, 0x00, 0x00, 0x00, 0x00, 0x00, 0x00, 0x00, 0x00, 0x00, 0x00, 0x00, 0x00, 0x00, 0x00, 0x00, 0x00, 0x00, 0x00, 0x00, 0x00, 0x00, 0x00,
  0x00, 0x00, 0x00, 0x00, 0x00, 0x00, 0x00, 0x00, 0x00, 0x00, 0x00, 0x00, 0x00, 0x00, 0x00, 0x00, 0x00, 0x00, 0x00, 0x00, 0x00, 0x00, 0x00, 0x00,
  0x00, 0x00, 0x00, 0x00, 0x00, 0x00, 0x00, 0x00, 0x00, 0x00, 0x00, 0x00, 0x00, 0x00, 0x00, 0x00, 0x00, 0x00, 0x00, 0x00, 0x00, 0x00, 0x00, 0x00,
  0x00, 0x00, 0x00, 0x00, 0x00, 0x00, 0x00, 0x00, 0x00, 0x00, 0x00, 0x00, 0x00, 0x00, 0x00, 0x00, 0x00, 0x04, 0xff, 0xff, 0x92, 0xbe, 0xff, 0x20,
  0x04, 0xff, 0xff, 0xac, 0xff, 0xff, 0x20, 0x01, 0x44, 0x8f, 0xee, 0x95, 0x44, 0x00, 0x00, 0x00, 0x5f, 0xf8, 0x00, 0x00, 0x00, 0x00, 0x00, 0x5f,
  0xf4, 0x00, 0x00, 0x00, 0x00, 0x00, 0x5f, 0xf3, 0x00, 0x00, 0x00, 0x00, 0x00, 0x5f, 0xf3, 0x00, 0x00, 0x00, 0x00, 0x00, 0x5f, 0xf3, 0x00, 0x00,
  0x00, 0x00, 0x00, 0x5f, 0xf3, 0x00, 0x00, 0x00, 0x01, 0x44, 0x8f, 0xf7, 0x44, 0x40, 0x00, 0x04, 0xff, 0xff, 0xff, 0xff, 0xc0, 0x00, 0x04, 0xff,
  0xff, 0xff, 0xff, 0xc0, 0x00, 0x00, 0x00, 0x00, 0x00, 0x00, 0x00, 0x00, 0x00, 0x00, 0x00, 0x00, 0x00, 0x00, 0x00, 0x00, 0x00, 0x00, 0x00, 0x00,
  0x00, 0x00, 0x00, 0x00, 0x00, 0x00, 0x00, 0x00, 0x00, 0x00, 0x00, 0x00, 0x00, 0x00, 0x00, 0x00, 0x00, 0x00, 0x00, 0x00, 0x00, 0x00, 0x00, 0x00,
  0x00, 0x00, 0x00, 0x00, 0x00, 0x00, 0x00, 0x00, 0x00, 0x00, 0x00, 0x00, 0x00, 0x00, 0x00, 0x00, 0x00, 0x00, 0x00, 0x00, 0x00, 0x00, 0x00, 0x00,
  0x00, 0x00, 0x00, 0x00, 0x00, 0x00, 0x00, 0x00, 0x00, 0x00, 0x00, 0x00, 0x00, 0x00, 0x00, 0x00, 0x00, 0x00, 0x00, 0x00, 0x00, 0x00, 0x00, 0x00,
  0x00, 0x00, 0x00, 0x00, 0x00, 0x00, 0x00, 0x00, 0x00, 0x00, 0x00, 0x00, 0x00, 0x00, 0x00, 0x00, 0x00, 0x00, 0x00, 0x00, 0x00, 0x00, 0x00, 0x00,
  0x00, 0x00, 0x00, 0x00, 0x00, 0x00, 0x00, 0x00, 0x00, 0x00, 0x00, 0x00, 0x04, 0xbd, 0xed, 0xa3, 0x00, 0x00, 0x00, 0x6f, 0xff, 0xff, 0xfe, 0x60,
  0x00, 0x00, 0xef, 0xe7, 0x57, 0xef, 0xe1, 0x00, 0x02, 0xff, 0x80, 0x00, 0x4d, 0xd5, 0x00, 0x00, 0xef, 0xc2, 0x00, 0x00, 0x00, 0x00, 0x00, 0x7e,
  0xff, 0xd9, 0x61, 0x00, 0x00, 0x00, 0x03, 0x9d, 0xff, 0xff, 0x90, 0x00, 0x00, 0x00, 0x00, 0x14, 0xaf, 0xf6, 0x00, 0x05, 0xff, 0x50, 0x00, 0x1f,
  0xf9, 0x00, 0x01, 0xef, 0xe8, 0x55, 0xaf, 0xf7, 0x00, 0x00, 0x5e, 0xff, 0xff, 0xff, 0xd1, 0x00, 0x00, 0x02, 0x9d, 0xed, 0xc7, 0x10, 0x00, 0x00,
  0x00, 0x00, 0x00, 0x00, 0x00, 0x00, 0x00, 0x00, 0x00, 0x00, 0x00, 0x00, 0x00, 0x00, 0x00, 0x00, 0x00, 0x00, 0x00, 0x00, 0x00, 0x00, 0x00, 0x00,
  0x00, 0x00, 0x00, 0x00, 0x00, 0x00, 0x00, 0x00, 0x00, 0x00, 0x00, 0x00, 0x00, 0x00, 0x00, 0x00, 0x00, 0x00, 0x00, 0x00, 0x00, 0x00, 0x00, 0x00,
  0x00, 0x00, 0x00, 0x00, 0x00, 0x00, 0x00, 0x00, 0x00, 0x00, 0x00, 0x00, 0x00, 0x00, 0x00, 0x00, 0x00, 0x00, 0x00, 0x00, 0x00, 0x00, 0x00, 0x00,
  0x00, 0x00, 0x00, 0x00, 0x00, 0x00, 0x00, 0x00, 0x00, 0x00, 0x00, 0x00, 0x00, 0x00, 0x00, 0x00, 0x00, 0x00, 0x00, 0x00, 0x00, 0x00, 0x00, 0x00,
  0x00, 0x00, 0x00, 0x00, 0x00, 0x00, 0x00, 0x00, 0x00, 0x00, 0x37, 0x71, 0x00, 0x00, 0x00, 0x00, 0x00, 0x6f, 0xf2, 0x00, 0x00, 0x00, 0x00, 0x00,
  0x6f, 0xf2, 0x00, 0x00, 0x00, 0x0e, 0xff, 0xff, 0xff, 0xff, 0xf9, 0x00, 0x0e, 0xff, 0xff, 0xff, 0xff, 0xf9, 0x00, 0x01, 0x11, 0x7f, 0xf3, 0x11,
  0x11, 0x00, 0x00, 0x00, 0x6f, 0xf2, 0x00, 0x00, 0x00, 0x00, 0x00, 0x6f, 0xf2, 0x00, 0x00, 0x00, 0x00, 0x00, 0x6f, 0xf2, 0x00, 0x00, 0x00, 0x00,
  0x00, 0x6f, 0xf2, 0x00, 0x00, 0x00, 0x00, 0x00, 0x6f, 0xf2, 0x00, 0x00, 0x00, 0x00, 0x00, 0x6f, 0xf2, 0x00, 0x00, 0x00, 0x00, 0x00, 0x4f, 0xf9,
  0x21, 0x11, 0x00, 0x00, 0x00, 0x0d, 0xff, 0xff, 0xf9, 0x00, 0x00, 0x00, 0x02, 0xad, 0xff, 0xf9, 0x00, 0x00, 0x00, 0x00, 0x00, 0x00, 0x00, 0x00,
  0x00, 0x00, 0x00, 0x00, 0x00, 0x00, 0x00, 0x00, 0x00, 0x00, 0x00, 0x00, 0x00, 0x00, 0x00, 0x00, 0x00, 0x00, 0x00, 0x00, 0x00, 0x00, 0x00, 0x00,
  0x00, 0x00, 0x00, 0x00, 0x00, 0x00, 0x00, 0x00, 0x00, 0x00, 0x00, 0x00, 0x00, 0x00, 0x00, 0x00, 0x00, 0x00, 0x00, 0x00, 0x00, 0x00, 0x00, 0x00,
  0x00, 0x00, 0x00, 0x00, 0x00, 0x00, 0x00, 0x00, 0x00, 0x00, 0x00, 0x00, 0x00, 0x00, 0x00, 0x00, 0x00, 0x00, 0x00, 0x00, 0x00, 0x00, 0x00, 0x00,
  0x00, 0x00, 0x00, 0x00, 0x00, 0x00, 0x00, 0x00, 0x00, 0x00, 0x00, 0x00, 0x00, 0x00, 0x00, 0x00, 0x00, 0x00, 0x00, 0x00, 0x00, 0x00, 0x00, 0x00,
  0x00, 0x00, 0x00, 0x00, 0x00, 0x00, 0x00, 0x00, 0x00, 0x00, 0x00, 0x00, 0x00, 0x00, 0x00, 0x00, 0x00, 0x00, 0x00, 0x00, 0x00, 0x00, 0x00, 0x03,
  0xff, 0x50, 0x00, 0x3f, 0xf5, 0x00, 0x03, 0xff, 0x50, 0x00, 0x3f, 0xf5, 0x00, 0x03, 0xff, 0x50, 0x00, 0x3f, 0xf5, 0x00, 0x03, 0xff, 0x50, 0x00,
  0x3f, 0xf5, 0x00, 0x03, 0xff, 0x50, 0x00, 0x3f, 0xf5, 0x00, 0x03, 0xff, 0x50, 0x00, 0x3f, 0xf5, 0x00, 0x03, 0xff, 0x50, 0x00, 0x3f, 0xf5, 0x00,
  0x03, 0xff, 0x60, 0x00, 0x5f, 0xf5, 0x00, 0x01, 0xff, 0x80, 0x00, 0x9f, 0xf5, 0x00, 0x00, 0xef, 0xe6, 0x38, 0xef, 0xf5, 0x00, 0x00, 0x7f, 0xff,
  0xff, 0x8f, 0xf5, 0x00, 0x00, 0x07, 0xde, 0xc6, 0x0f, 0xf5, 0x00, 0x00, 0x00, 0x00, 0x00, 0x00, 0x00, 0x00, 0x00, 0x00, 0x00, 0x00, 0x00, 0x00,
  0x00, 0x00, 0x00, 0x00, 0x00, 0x00, 0x00, 0x00, 0x00, 0x00, 0x00, 0x00, 0x00, 0x00, 0x00, 0x00, 0x00, 0x00, 0x00, 0x00, 0x00, 0x00, 0x00, 0x00,
  0x00, 0x00, 0x00, 0x00, 0x00, 0x00, 0x00, 0x00, 0x00, 0x00, 0x00, 0x00, 0x00, 0x00, 0x00, 0x00, 0x00, 0x00, 0x00, 0x00, 0x00, 0x00, 0x00, 0x00,
  0x00, 0x00, 0x00, 0x00, 0x00, 0x00, 0x00, 0x00, 0x00, 0x00, 0x00, 0x00, 0x00, 0x00, 0x00, 0x00, 0x00, 0x00, 0x00, 0x00, 0x00, 0x00, 0x00, 0x00,
  0x00, 0x00, 0x00, 0x00, 0x00, 0x00, 0x00, 0x00, 0x00, 0x00, 0x00, 0x00, 0x00, 0x00, 0x00, 0x00, 0x00, 0x00, 0x00, 0x00, 0x00, 0x00, 0x00, 0x00,
  0x00, 0x00, 0x00, 0x00, 0x00, 0x00, 0x00, 0x00, 0x00, 0x00, 0x00, 0x00, 0x00, 0x00, 0x00, 0x00, 0x00, 0x0e, 0xfc, 0x00, 0x00, 0x09, 0xff, 0x20,
  0x09, 0xff, 0x20, 0x00, 0x0e, 0xfc, 0x00, 0x04, 0xff, 0x70, 0x00, 0x4f, 0xf6, 0x00, 0x00, 0xdf, 0xb0, 0x00, 0x8f, 0xe1, 0x00, 0x00, 0x8f, 0xe1,
  0x00, 0xdf, 0xb0, 0x00, 0x00, 0x3f, 0xf6, 0x03, 0xff, 0x60, 0x00, 0x00, 0x0d, 0xfb, 0x08, 0xfe, 0x10, 0x00, 0x00, 0x08, 0xfe, 0x1d, 0xfb, 0x00,
  0x00, 0x00, 0x03, 0xff, 0x8f, 0xf6, 0x00, 0x00, 0x00, 0x00, 0xcf, 0xef, 0xe1, 0x00, 0x00, 0x00, 0x00, 0x7f, 0xff, 0xa0, 0x00, 0x00, 0x00, 0x00,
  0x2f, 0xff, 0x50, 0x00, 0x00, 0x00, 0x00, 0x00, 0x00, 0x00, 0x00, 0x00, 0x00, 0x00, 0x00, 0x00, 0x00, 0x00, 0x00, 0x00, 0x00, 0x00, 0x00, 0x00,
  0x00, 0x00, 0x00, 0x00, 0x00, 0x00, 0x00, 0x00, 0x00, 0x00, 0x00, 0x00, 0x00, 0x00, 0x00, 0x00, 0x00, 0x00, 0x00, 0x00, 0x00, 0x00, 0x00, 0x00,
  0x00, 0x00, 0x00, 0x00, 0x00, 0x00, 0x00, 0x00, 0x00, 0x00, 0x00, 0x00, 0x00, 0x00, 0x00, 0x00, 0x00, 0x00, 0x00, 0x00, 0x00, 0x00, 0x00, 0x00,
  0x00, 0x00, 0x00, 0x00, 0x00, 0x00, 0x00, 0x00, 0x00, 0x00, 0x00, 0x00, 0x00, 0x00, 0x00, 0x00, 0x00, 0x00, 0x00, 0x00, 0x00, 0x00, 0x00, 0x00,
  0x00, 0x00, 0x00, 0x00, 0x00, 0x00, 0x00, 0x00, 0x00, 0x00, 0x00, 0x00, 0x00, 0x00, 0x00, 0x00, 0x00, 0x00, 0x00, 0x00, 0x00, 0x00, 0x00, 0x00,
  0x00, 0x00, 0x00, 0x00, 0x00, 0x00, 0x00, 0x00, 0x00, 0x00, 0x00, 0x8f, 0xf1, 0x00, 0x00, 0x00, 0xdf, 0xb0, 0x5f, 0xf3, 0x01, 0x42, 0x00, 0xef,
  0x80, 0x2f, 0xf5, 0x08, 0xfb, 0x02, 0xff, 0x50, 0x0e, 0xf7, 0x0b, 0xfe, 0x04, 0xff, 0x20, 0x0c, 0xf9, 0x0e, 0xff, 0x26, 0xfe, 0x00, 0x09, 0xfc,
  0x2f, 0xef, 0x59, 0xfc, 0x00, 0x06, 0xfe, 0x5f, 0x9f, 0x8b, 0xf9, 0x00, 0x03, 0xff, 0x9f, 0x3e, 0xbd, 0xf6, 0x00, 0x01, 0xff, 0xee, 0x0b, 0xef,
  0xf4, 0x00, 0x00, 0xdf, 0xfb, 0x08, 0xff, 0xf1, 0x00, 0x00, 0xaf, 0xf8, 0x05, 0xff, 0xd0, 0x00, 0x00, 0x7f, 0xf5, 0x02, 0xff, 0xb0, 0x00, 0x00,
  0x00, 0x00, 0x00, 0x00, 0x00, 0x00, 0x00, 0x00, 0x00, 0x00, 0x00, 0x00, 0x00, 0x00, 0x00, 0x00, 0x00, 0x00, 0x00, 0x00, 0x00, 0x00, 0x00, 0x00,
  0x00, 0x00, 0x00, 0x00, 0x00, 0x00, 0x00, 0x00, 0x00, 0x00, 0x00, 0x00, 0x00, 0x00, 0x00, 0x00, 0x00, 0x00, 0x00, 0x00, 0x00, 0x00, 0x00, 0x00,
  0x00, 0x00, 0x00, 0x00, 0x00, 0x00, 0x00, 0x00, 0x00, 0x00, 0x00, 0x00, 0x00, 0x00, 0x00, 0x00, 0x00, 0x00, 0x00, 0x00, 0x00, 0x00, 0x00, 0x00,
  0x00, 0x00, 0x00, 0x00, 0x00, 0x00, 0x00, 0x00, 0x00, 0x00, 0x00, 0x00, 0x00, 0x00, 0x00, 0x00, 0x00, 0x00, 0x00, 0x00, 0x00, 0x00, 0x00, 0x00,
  0x00, 0x00, 0x00, 0x00, 0x00, 0x00, 0x00, 0x00, 0x00, 0x00, 0x00, 0x00, 0x00, 0x00, 0x00, 0x00, 0x00, 0x00, 0x00, 0x00, 0x00, 0x00, 0x00, 0x00,
  0x00, 0x00, 0x00, 0x00, 0x00, 0x08, 0xff, 0x40, 0x00, 0x2e, 0xfb, 0x00, 0x00, 0xcf, 0xd0, 0x00, 0xbf, 0xe2, 0x00, 0x00, 0x3e, 0xf8, 0x05, 0xff,
  0x60, 0x00, 0x00, 0x07, 0xfe, 0x5d, 0xfb, 0x00, 0x00, 0x00, 0x00, 0xcf, 0xff, 0xe1, 0x00, 0x00, 0x00, 0x00, 0x2e, 0xff, 0x60, 0x00, 0x00, 0x00,
  0x00, 0x4f, 0xff, 0x70, 0x00, 0x00, 0x00, 0x01, 0xdf, 0xef, 0xe3, 0x00, 0x00, 0x00, 0x0a, 0xfe, 0x2c, 0xfc, 0x00, 0x00, 0x00, 0x5f, 0xf6, 0x03,
  0xef, 0x80, 0x00, 0x02, 0xef, 0xb0, 0x00, 0x8f, 0xf4, 0x00, 0x0b, 0xfe, 0x20, 0x00, 0x0c, 0xfd, 0x10, 0x00, 0x00, 0x00, 0x00, 0x00, 0x00, 0x00,
  0x00, 0x00, 0x00, 0x00, 0x00, 0x00, 0x00, 0x00, 0x00, 0x00, 0x00, 0x00, 0x00, 0x00, 0x00, 0x00, 0x00, 0x00, 0x00, 0x00, 0x00, 0x00, 0x00, 0x00,
  0x00, 0x00, 0x00, 0x00, 0x00, 0x00, 0x00, 0x00, 0x00, 0x00, 0x00, 0x00, 0x00, 0x00, 0x00, 0x00, 0x00, 0x00, 0x00, 0x00, 0x00, 0x00, 0x00, 0x00,
  0x00, 0x00, 0x00, 0x00, 0x00, 0x00, 0x00, 0x00, 0x00, 0x00, 0x00, 0x00, 0x00, 0x00, 0x00, 0x00, 0x00, 0x00, 0x00, 0x00, 0x00, 0x00, 0x00, 0x00,
  0x00, 0x00, 0x00, 0x00, 0x00, 0x00, 0x00, 0x00, 0x00, 0x00, 0x00, 0x00, 0x00, 0x00, 0x00, 0x00, 0x00, 0x00, 0x00, 0x00, 0x00, 0x00, 0x00, 0x00,
  0x00, 0x00, 0x00, 0x00, 0x00, 0x00, 0x00, 0x00, 0x00, 0x00, 0x00, 0x00, 0x00, 0x00, 0x00, 0x00, 0x00, 0x00, 0x00, 0x00, 0x00, 0x00, 0x00, 0x0d,
  0xfb, 0x00, 0x00, 0x08, 0xff, 0x20, 0x08, 0xff, 0x20, 0x00, 0x0d, 0xfc, 0x00, 0x03, 0xff, 0x70, 0x00, 0x3f, 0xf6, 0x00, 0x00, 0xcf, 0xc0, 0x00,
  0x8f, 0xe1, 0x00, 0x00, 0x6f, 0xf3, 0x00, 0xdf, 0xb0, 0x00, 0x00, 0x1e, 0xf8, 0x03, 0xff, 0x50, 0x00, 0x00, 0x0a, 0xfd, 0x08, 0xfe, 0x00, 0x00,
  0x00, 0x04, 0xff, 0x4d, 0xfa, 0x00, 0x00, 0x00, 0x00, 0xdf, 0xcf, 0xf4, 0x00, 0x00, 0x00, 0x00, 0x8f, 0xff, 0xe0, 0x00, 0x00, 0x00, 0x00, 0x2f,
  0xff, 0x90, 0x00, 0x00, 0x00, 0x00, 0x05, 0xff, 0x30, 0x00, 0x00, 0x00, 0x01, 0x2a, 0xfd, 0x00, 0x00, 0x00, 0x00, 0x4f, 0xff, 0xf6, 0x00, 0x00,
  0x00, 0x00, 0x4f, 0xed, 0x70, 0x00, 0x00, 0x00, 0x00, 0x00, 0x00, 0x00, 0x00, 0x00, 0x00, 0x00, 0x00, 0x00, 0x00, 0x00, 0x00, 0x00, 0x00, 0x00,
  0x00, 0x00, 0x00, 0x00, 0x00, 0x00, 0x00, 0x00, 0x00, 0x00, 0x00, 0x00, 0x00, 0x00, 0x00, 0x00, 0x00, 0x00, 0x00, 0x00, 0x00, 0x00, 0x00, 0x00,
  0x00, 0x00, 0x00, 0x00, 0x00, 0x00, 0x00, 0x00, 0x00, 0x00, 0x00, 0x00, 0x00, 0x00, 0x00, 0x00, 0x00, 0x00, 0x00, 0x00, 0x00, 0x00, 0x00, 0x00,
  0x00, 0x00, 0x00, 0x00, 0x00, 0x00, 0x00, 0x00, 0x00, 0x00, 0x00, 0x00, 0x00, 0x00, 0x00, 0x00, 0x00, 0x00, 0x00, 0x00, 0x00, 0x00, 0x00, 0x00,
  0x00, 0x00, 0x00, 0x00, 0x00, 0x00, 0x00, 0x00, 0x00, 0x00, 0x00, 0x00, 0x00, 0x00, 0x00, 0x00, 0x00, 0x02, 0xff, 0xff, 0xff, 0xff, 0xf5, 0x00,
  0x02, 0xff, 0xff, 0xff, 0xff, 0xf5, 0x00, 0x00, 0x44, 0x44, 0x45, 0xdf, 0xf4, 0x00, 0x00, 0x00, 0x00, 0x0a, 0xff, 0x70, 0x00, 0x00, 0x00, 0x00,
  0x9f, 0xf8, 0x00, 0x00, 0x00, 0x00, 0x09, 0xff, 0x80, 0x00, 0x00, 0x00, 0x00, 0x8f, 0xf9, 0x00, 0x00, 0x00, 0x00, 0x07, 0xff, 0x90, 0x00, 0x00,
  0x00, 0x00, 0x7f, 0xfa, 0x00, 0x00, 0x00, 0x00, 0x04, 0xff, 0xd5, 0x44, 0x44, 0x42, 0x00, 0x05, 0xff, 0xff, 0xff, 0xff, 0xf8, 0x00, 0x05, 0xff,
  0xff, 0xff, 0xff, 0xf8, 0x00, 0x00, 0x00, 0x00, 0x00, 0x00, 0x00, 0x00, 0x00, 0x00, 0x00, 0x00, 0x00, 0x00, 0x00, 0x00, 0x00, 0x00, 0x00, 0x00,
  0x00, 0x00, 0x00, 0x00, 0x00, 0x00, 0x00, 0x00, 0x00, 0x00, 0x00, 0x00, 0x00, 0x00, 0x00, 0x00, 0x00, 0x00, 0x00, 0x00, 0x00, 0x00, 0x00, 0x00,
  0x00, 0x00, 0x00, 0x00, 0x00, 0x00, 0x00, 0x00, 0x00, 0x00, 0x00, 0x00, 0x00, 0x00, 0x00, 0x00, 0x00, 0x00, 0x00, 0x00, 0x00, 0x00, 0x00, 0x00,
  0x00, 0x00, 0x00, 0x00, 0x00, 0x00, 0x00, 0x00, 0x00, 0x00, 0x00, 0x00, 0x00, 0x00, 0x00, 0x00, 0x00, 0x00, 0x00, 0x00, 0x00, 0x00, 0x00, 0x00,
  0x00, 0x00, 0x00, 0x02, 0x44, 0x40, 0x00, 0x00, 0x00, 0x00, 0xaf, 0xff, 0xd0, 0x00, 0x00, 0x00, 0x07, 0xff, 0xff, 0xd0, 0x00, 0x00, 0x00, 0x0d,
  0xfd, 0x20, 0x00, 0x00, 0x00, 0x00, 0x0e, 0xf8, 0x00, 0x00, 0x00, 0x00, 0x00, 0x0f, 0xf7, 0x00, 0x00, 0x00, 0x00, 0x00, 0x0f, 0xf7, 0x00, 0x00,
  0x00, 0x00, 0x00, 0x1f, 0xf5, 0x00, 0x00, 0x00, 0x00, 0x01, 0x9f, 0xe1, 0x00, 0x00, 0x00, 0x00, 0xaf, 0xfc, 0x40, 0x00, 0x00, 0x00, 0x00, 0xaf,
  0xc6, 0x00, 0x00, 0x00, 0x00, 0x00, 0x36, 0xdf, 0xb0, 0x00, 0x00, 0x00, 0x00, 0x00, 0x3f, 0xf4, 0x00, 0x00, 0x00, 0x00, 0x00, 0x0f, 0xf6, 0x00,
  0x00, 0x00, 0x00, 0x00, 0x0f, 0xf7, 0x00, 0x00, 0x00, 0x00, 0x00, 0x0f, 0xf7, 0x00, 0x00, 0x00, 0x00, 0x00, 0x0e, 0xf9, 0x00, 0x00, 0x00, 0x00,
  0x00, 0x0b, 0xfe, 0x74, 0x40, 0x00, 0x00, 0x00, 0x04, 0xff, 0xff, 0xd0, 0x00, 0x00, 0x00, 0x00, 0x5c, 0xef, 0xd0, 0x00, 0x00, 0x00, 0x00, 0x00,
  0x00, 0x00, 0x00, 0x00, 0x00, 0x00, 0x00, 0x00, 0x00, 0x00, 0x00, 0x00, 0x00, 0x00, 0x00, 0x00, 0x00, 0x00, 0x00, 0x00, 0x00, 0x00, 0x00, 0x00,
  0x00, 0x00, 0x00, 0x00, 0x00, 0x00, 0x00, 0x00, 0x00, 0x00, 0x00, 0x00, 0x00, 0x00, 0x00, 0x00, 0x00, 0x00, 0x00, 0x00, 0x00, 0x00, 0x00, 0x00,
  0x00, 0x00, 0x00, 0x00, 0x00, 0x00, 0x00, 0x00, 0x00, 0x00, 0x00, 0x00, 0x00, 0x00, 0x00, 0x00, 0x00, 0x00, 0x00, 0x00, 0x09, 0xfc, 0x00, 0x00,
  0x00, 0x00, 0x00, 0x09, 0xfc, 0x00, 0x00, 0x00, 0x00, 0x00, 0x09, 0xfc, 0x00, 0x00, 0x00, 0x00, 0x00, 0x09, 0xfc, 0x00, 0x00, 0x00, 0x00, 0x00,
  0x09, 0xfc, 0x00, 0x00, 0x00, 0x00, 0x00, 0x09, 0xfc, 0x00, 0x00, 0x00, 0x00, 0x00, 0x09, 0xfc, 0x00, 0x00, 0x00, 0x00, 0x00, 0x09, 0xfc, 0x00,
  0x00, 0x00, 0x00, 0x00, 0x09, 0xfc, 0x00, 0x00, 0x00, 0x00, 0x00, 0x09, 0xfc, 0x00, 0x00, 0x00, 0x00, 0x00, 0x09, 0xfc, 0x00, 0x00, 0x00, 0x00,
  0x00, 0x09, 0xfc, 0x00, 0x00, 0x00, 0x00, 0x00, 0x09, 0xfc, 0x00, 0x00, 0x00, 0x00, 0x00, 0x09, 0xfc, 0x00, 0x00, 0x00, 0x00, 0x00, 0x09, 0xfc,
  0x00, 0x00, 0x00, 0x00, 0x00, 0x09, 0xfc, 0x00, 0x00, 0x00, 0x00, 0x00, 0x09, 0xfc, 0x00, 0x00, 0x00, 0x00, 0x00, 0x09, 0xfc, 0x00, 0x00, 0x00,
  0x00, 0x00, 0x09, 0xfc, 0x00, 0x00, 0x00, 0x00, 0x00, 0x00, 0x00, 0x00, 0x00, 0x00, 0x00, 0x00, 0x00, 0x00, 0x00, 0x00, 0x00, 0x00, 0x00, 0x00,
  0x00, 0x00, 0x00, 0x00, 0x00, 0x00, 0x00, 0x00, 0x00, 0x00, 0x00, 0x00, 0x00, 0x00, 0x00, 0x00, 0x00, 0x00, 0x00, 0x00, 0x00, 0x00, 0x00, 0x00,
  0x00, 0x00, 0x00, 0x00, 0x00, 0x00, 0x00, 0x00, 0x00, 0x00, 0x00, 0x00, 0x00, 0x00, 0x00, 0x00, 0x00, 0x00, 0x00, 0x00, 0x00, 0x00, 0x00, 0x00,
  0x00, 0x00, 0x00, 0x00, 0x00, 0x00, 0x00, 0x00, 0x00, 0x00, 0x00, 0x00, 0x00, 0x34, 0x42, 0x00, 0x00, 0x00, 0x00, 0x00, 0xaf, 0xff, 0xc2, 0x00,
  0x00, 0x00, 0x00, 0xaf, 0xff, 0xfa, 0x00, 0x00, 0x00, 0x00, 0x00, 0x1b, 0xff, 0x10, 0x00, 0x00, 0x00, 0x00, 0x05, 0xff, 0x30, 0x00, 0x00, 0x00,
  0x00, 0x04, 0xff, 0x30, 0x00, 0x00, 0x00, 0x00, 0x04, 0xff, 0x30, 0x00, 0x00, 0x00, 0x00, 0x02, 0xff, 0x40, 0x00, 0x00, 0x00, 0x00, 0x00, 0xcf,
  0xb2, 0x00, 0x00, 0x00, 0x00, 0x00, 0x2b, 0xef, 0xd0, 0x00, 0x00, 0x00, 0x00, 0x05, 0xbf, 0xd0, 0x00, 0x00, 0x00, 0x00, 0x8f, 0xe7, 0x40, 0x00,
  0x00, 0x00, 0x01, 0xef, 0x60, 0x00, 0x00, 0x00, 0x00, 0x03, 0xff, 0x40, 0x00, 0x00, 0x00, 0x00, 0x04, 0xff, 0x30, 0x00, 0x00, 0x00, 0x00, 0x04,
  0xff, 0x30, 0x00, 0x00, 0x00, 0x00, 0x06, 0xff, 0x20, 0x00, 0x00, 0x00, 0x34, 0x6d, 0xfe, 0x00, 0x00, 0x00, 0x00, 0xaf, 0xff, 0xf7, 0x00, 0x00,
  0x00, 0x00, 0xaf, 0xed, 0x70, 0x00, 0x00, 0x00, 0x00, 0x00, 0x00, 0x00, 0x00, 0x00, 0x00, 0x00, 0x00, 0x00, 0x00, 0x00, 0x00, 0x00, 0x00, 0x00,
  0x00, 0x00, 0x00, 0x00, 0x00, 0x00, 0x00, 0x00, 0x00, 0x00, 0x00, 0x00, 0x00, 0x00, 0x00, 0x00, 0x00, 0x00, 0x00, 0x00, 0x00, 0x00, 0x00, 0x00,
  0x00, 0x00, 0x00, 0x00, 0x00, 0x00, 0x00, 0x00, 0x00, 0x00, 0x00, 0x00, 0x00, 0x00, 0x00, 0x00, 0x00, 0x00, 0x00, 0x00, 0x00, 0x00, 0x00, 0x00,
  0x00, 0x00, 0x00, 0x00, 0x00, 0x00, 0x00, 0x00, 0x00, 0x00, 0x00, 0x00, 0x00, 0x00, 0x00, 0x00, 0x00, 0x00, 0x00, 0x00, 0x00, 0x00, 0x00, 0x00,
  0x00, 0x00, 0x00, 0x00, 0x00, 0x00, 0x00, 0x00, 0x00, 0x00, 0x00, 0x00, 0x00, 0x00, 0x00, 0x00, 0x00, 0x00, 0x00, 0x00, 0x00, 0x00, 0x00, 0x00,
  0x00, 0x00, 0x00, 0x00, 0x00, 0x00, 0x00, 0x00, 0x00, 0x00, 0x00, 0x00, 0x00, 0x00, 0x00, 0x1a, 0xed, 0x50, 0x0a, 0xf6, 0x00, 0x00, 0x9f, 0xff,
  0xf6, 0x1d, 0xf4, 0x00, 0x01, 0xef, 0x33, 0xef, 0xff, 0xc0, 0x00, 0x03, 0xfd, 0x00, 0x2b, 0xeb, 0x20, 0x00, 0x00, 0x00, 0x00, 0x00, 0x00, 0x00,
  0x00, 0x00, 0x00, 0x00, 0x00, 0x00, 0x00, 0x00, 0x00, 0x00, 0x00, 0x00, 0x00, 0x00, 0x00, 0x00, 0x00, 0x00, 0x00, 0x00, 0x00, 0x00, 0x00, 0x00,
  0x00, 0x00, 0x00, 0x00, 0x00, 0x00, 0x00, 0x00, 0x00, 0x00, 0x00, 0x00, 0x00, 0x00, 0x00, 0x00, 0x00, 0x00, 0x00, 0x00, 0x00, 0x00, 0x00, 0x00,
  0x00, 0x00, 0x00, 0x00, 0x00, 0x00, 0x00, 0x00, 0x00, 0x00, 0x00, 0x00, 0x00, 0x00, 0x00, 0x00, 0x00, 0x00, 0x00, 0x00, 0x00, 0x00, 0x00, 0x00,
  0x00, 0x00, 0x00, 0x00, 0x00, 0x00, 0x00, 0x00, 0x00, 0x00, 0x00, 0x00, 0x00, 0x00, 0x00, 0x00, 0x00, 0x00, 0x00, 0x00, 0x00, 0x00, 0x00, 0x00,
  0x00, 0x00, 0x00, 0x00, 0x00, 0x00, 0x00, 0x00, 0x00, 0x00, 0x00, 0x00, 0x00, 0x00, 0x00, 0x00, 0x00, 0x00, 0x00, 0x00, 0x00, 0x00, 0x00, 0x00,
  0x00, 0x00, 0x00, 0x00, 0x00, 0x00, 0x00, 0x00, 0x00, 0x00, 0x00, 0x00, 0x00, 0x00, 0x00, 0x00, 0x00, 0x00, 0x00, 0x00, 0x00, 0x00, 0x00, 0x00,
  0x00, 0x00, 0x00, 0x00, 0x00, 0x00, 0x00, 0x00, 0x00, 0x00, 0x00, 0x00, 0x00, 0x00, 0x00, 0x00, 0x00, 0x00, 0x00, 0x00, 0x00, 0x00, 0x00, 0x00,
  0x00, 0x00, 0x00, 0x00, 0x00, 0x00, 0x00, 0x00, 0x00, 0x00, 0x00, 0x00, 0x00, 0x00, 0x00, 0x00, 0x00, 0x0f, 0xff, 0x30, 0x00, 0x00, 0x00, 0x00,
  0x0f, 0xff, 0x30, 0x00, 0x00, 0x00, 0x00, 0x0f, 0xff, 0x30, 0x00, 0x00, 0x00, 0x00, 0x00, 0x00, 0x00, 0x00, 0x00, 0x00, 0x00, 0x00, 0x00, 0x00,
  0x00, 0x00, 0x00, 0x00, 0x00, 0x00, 0x00, 0x00, 0x00, 0x00, 0x00, 0x00, 0x00, 0x00, 0x00, 0x00, 0x00, 0x00, 0x00, 0x00, 0x00, 0x00, 0x00, 0x00,
  0x00, 0x00, 0x00, 0x00, 0x00, 0x00, 0x00, 0x00, 0x00, 0x00, 0x00, 0x00, 0x00, 0x00, 0x00, 0x00, 0x00, 0x00, 0x00, 0x00, 0x00, 0x00, 0x00, 0x00,
  0x00, 0x00, 0x00, 0x00, 0x00, 0x00, 0x00, 0x00, 0x00, 0x00, 0x00, 0x00, 0x00, 0x00, 0x00, 0x00, 0x00, 0x00, 0x00, 0x00, 0x00, 0x00, 0x00, 0x00,
};
constexpr Font kFontLarge = {13, 30, 23, 96, kFontLargeData};

}  // namespace render
